;_id;instance;class;frequency;pidspread;pldspread;modifications
0;141663461;b1;waveform;3;2;3;"[{""_id"":{""$numberLong"":""141663461""},""ipremod"":"""",""ipostmod"":"""",""cpremod"":"""",""cpostmod"":"""",""frequency"":3.0,""pidspread"":2,""pldspread"":3,""pids"":""p34;p8a;"",""plds"":""confex.com;google.es;usda.gov;"",""provids"":""283396688;270354052;241885058;""}]"
1;147713771;adjective;also;3;2;3;"[{""_id"":{""$numberLong"":""147713771""},""ipremod"":"""",""ipostmod"":"""",""cpremod"":"""",""cpostmod"":"""",""frequency"":3.0,""pidspread"":2,""pldspread"":3,""pids"":""p34;p2;"",""plds"":""archive.org;faithwriters.com;usingenglish.com;"",""provids"":""174526508;156960696;251140563;""}]"
2;270852864;advance;cattle;1;1;1;"[{""_id"":{""$numberLong"":""270852864""},""ipremod"":"""",""ipostmod"":""in the southeastern"",""cpremod"":""stocker"",""cpostmod"":"""",""frequency"":1.0,""pidspread"":1,""pldspread"":1,""pids"":""p23b;"",""plds"":""livestockweekly.com;"",""provids"":""27861768;""}]"
3;516170918;administration;failure,period;1;1;1;"[{""_id"":{""$numberLong"":""516170918""},""ipremod"":""super corrupt"",""ipostmod"":"""",""cpremod"":""huge"",""cpostmod"":"""",""frequency"":1.0,""pidspread"":1,""pldspread"":1,""pids"":""p8c;"",""plds"":""cnn.com;"",""provids"":""12417510;""}]"
4;387574181;agnium;planet;1;1;1;"[{""_id"":{""$numberLong"":""387574181""},""ipremod"":"""",""ipostmod"":"""",""cpremod"":"""",""cpostmod"":""orbit the sun"",""frequency"":1.0,""pidspread"":1,""pldspread"":1,""pids"":""p8a;"",""plds"":""wikipedia.org;"",""provids"":""449234441;""}]"
5;125471954;alam;may;1;1;1;"[{""_id"":{""$numberLong"":""125471954""},""ipremod"":""nsf president shah"",""ipostmod"":"""",""cpremod"":"""",""cpostmod"":"""",""frequency"":1.0,""pidspread"":1,""pldspread"":1,""pids"":""p3a;"",""plds"":""refworld.org;"",""provids"":""427077043;""}]"
6;493745276;alaska;with;5;3;4;"[{""_id"":{""$numberLong"":""493745276""},""ipremod"":"""",""ipostmod"":"""",""cpremod"":"""",""cpostmod"":"""",""frequency"":5.0,""pidspread"":3,""pldspread"":4,""pids"":""p5;p2;p25;"",""plds"":""archive.org;loc.gov;syr.edu;replacements.com;"",""provids"":""57628507;409277661;235637522;49538950;860981;""}]"
7;134062544;anthology;member;19;4;19;"[{""_id"":{""$numberLong"":""134062529""},""ipremod"":""combustion"",""ipostmod"":""for manhattan"",""cpremod"":"""",""cpostmod"":""of the dramatists"",""frequency"":2.0,""pidspread"":1,""pldspread"":2,""pids"":""p8a;"",""plds"":""indietheaternow.com;stagebuzz.com;"",""provids"":""248271153;248281506;""},{""_id"":{""$numberLong"":""134062530""},""ipremod"":""art"",""ipostmod"":"""",""cpremod"":""board"",""cpostmod"":"""",""frequency"":2.0,""pidspread"":1,""pldspread"":2,""pids"":""p8a;"",""plds"":""rachelcorriefoundation.org;poetswest.com;"",""provids"":""215555587;449094360;""},{""_id"":{""$numberLong"":""134062531""},""ipremod"":""arkham"",""ipostmod"":""of story"",""cpremod"":"""",""cpostmod"":"""",""frequency"":2.0,""pidspread"":1,""pldspread"":2,""pids"":""p1;"",""plds"":""textfiles.com;efanzines.com;"",""provids"":""11019041;11004496;""},{""_id"":{""$numberLong"":""134062532""},""ipremod"":"""",""ipostmod"":""of latvian poetry"",""cpremod"":"""",""cpostmod"":"""",""frequency"":1.0,""pidspread"":1,""pldspread"":1,""pids"":""p8b;"",""plds"":""universeofpoetry.org;"",""provids"":""41158216;""},{""_id"":{""$numberLong"":""134062533""},""ipremod"":""norton"",""ipostmod"":""oral interpretation"",""cpremod"":"""",""cpostmod"":"""",""frequency"":1.0,""pidspread"":1,""pldspread"":1,""pids"":""p8a;"",""plds"":""durantdemocrat.com;"",""provids"":""456083581;""},{""_id"":{""$numberLong"":""134062534""},""ipremod"":""edit"",""ipostmod"":"""",""cpremod"":""board"",""cpostmod"":"""",""frequency"":1.0,""pidspread"":1,""pldspread"":1,""pids"":""p8a;"",""plds"":""graspingforthewind.com;"",""provids"":""173670796;""},{""_id"":{""$numberLong"":""134062535""},""ipremod"":"""",""ipostmod"":"""",""cpremod"":"""",""cpostmod"":""of the faculty"",""frequency"":1.0,""pidspread"":1,""pldspread"":1,""pids"":""p8b;"",""plds"":""ucsd.edu;"",""provids"":""78186411;""},{""_id"":{""$numberLong"":""134062536""},""ipremod"":"""",""ipostmod"":""of story"",""cpremod"":"""",""cpostmod"":""of women's world"",""frequency"":1.0,""pidspread"":1,""pldspread"":1,""pids"":""p8a;"",""plds"":""kennedy-center.org;"",""provids"":""171011126;""},{""_id"":{""$numberLong"":""134062537""},""ipremod"":"""",""ipostmod"":"""",""cpremod"":"""",""cpostmod"":""of brighton poetry"",""frequency"":1.0,""pidspread"":1,""pldspread"":1,""pids"":""p8a;"",""plds"":""perthpoetryclub.com;"",""provids"":""298108855;""},{""_id"":{""$numberLong"":""134062538""},""ipremod"":"""",""ipostmod"":"""",""cpremod"":"""",""cpostmod"":""of the keweenaw"",""frequency"":1.0,""pidspread"":1,""pldspread"":1,""pids"":""p8a;"",""plds"":""thimbleberrypress.com;"",""provids"":""147183943;""},{""_id"":{""$numberLong"":""134062539""},""ipremod"":""net"",""ipostmod"":"""",""cpremod"":"""",""cpostmod"":""of the sewanee"",""frequency"":1.0,""pidspread"":1,""pldspread"":1,""pids"":""p8a;"",""plds"":""blacklawrence.com;"",""provids"":""71350396;""},{""_id"":{""$numberLong"":""134062540""},""ipremod"":""international bestselling thriller"",""ipostmod"":"""",""cpremod"":"""",""cpostmod"":"""",""frequency"":1.0,""pidspread"":1,""pldspread"":1,""pids"":""p5;"",""plds"":""blogspot.com;"",""provids"":""228605668;""},{""_id"":{""$numberLong"":""134062541""},""ipremod"":"""",""ipostmod"":""adirondack mystery jenny"",""cpremod"":""board"",""cpostmod"":"""",""frequency"":1.0,""pidspread"":1,""pldspread"":1,""pids"":""p8a;"",""plds"":""amazon.com;"",""provids"":""159091552;""},{""_id"":{""$numberLong"":""134062542""},""ipremod"":"""",""ipostmod"":"""",""cpremod"":"""",""cpostmod"":""of the southeast"",""frequency"":1.0,""pidspread"":1,""pldspread"":1,""pids"":""p8a;"",""plds"":""gigmasters.com;"",""provids"":""398648679;""},{""_id"":{""$numberLong"":""134062543""},""ipremod"":""smithsonian"",""ipostmod"":""of jazz"",""cpremod"":""board"",""cpostmod"":"""",""frequency"":1.0,""pidspread"":1,""pldspread"":1,""pids"":""p8a;"",""plds"":""allaboutjazz.com;"",""provids"":""236227828;""},{""_id"":{""$numberLong"":""134062544""},""ipremod"":""combustion"",""ipostmod"":""for manhattan"",""cpremod"":"""",""cpostmod"":""of the dramatistsguild"",""frequency"":1.0,""pidspread"":1,""pldspread"":1,""pids"":""p8a;"",""plds"":""broadwayworld.com;"",""provids"":""333482202;""}]"
8;501384948;aristocracy;few;2;2;2;"[{""_id"":{""$numberLong"":""501384948""},""ipremod"":"""",""ipostmod"":"""",""cpremod"":"""",""cpostmod"":"""",""frequency"":2.0,""pidspread"":2,""pldspread"":2,""pids"":""p23b;p8c;"",""plds"":""abovetopsecret.com;gutenberg.net.au;"",""provids"":""447952346;114839332;""}]"
9;447336728;barber;tourism;2;1;1;"[{""_id"":{""$numberLong"":""447336728""},""ipremod"":"""",""ipostmod"":"""",""cpremod"":"""",""cpostmod"":"""",""frequency"":2.0,""pidspread"":1,""pldspread"":1,""pids"":""p5;"",""plds"":""issuu.com;"",""provids"":""294765933;382306859;""}]"
10;478528313;bellieve;animal;1;1;1;"[{""_id"":{""$numberLong"":""478528313""},""ipremod"":"""",""ipostmod"":"""",""cpremod"":"""",""cpostmod"":"""",""frequency"":1.0,""pidspread"":1,""pldspread"":1,""pids"":""p4;"",""plds"":""friendsofanimals.org;"",""provids"":""391854878;""}]"
11;508437025;because;unfalsifiability;1;1;1;"[{""_id"":{""$numberLong"":""508437025""},""ipremod"":""point"",""ipostmod"":"""",""cpremod"":"""",""cpostmod"":""of darwinism"",""frequency"":1.0,""pidspread"":1,""pldspread"":1,""pids"":""p12a;"",""plds"":""antievolution.org;"",""provids"":""389901367;""}]"
12;406763901;bonnie;all;2;2;2;"[{""_id"":{""$numberLong"":""406763901""},""ipremod"":"""",""ipostmod"":"""",""cpremod"":"""",""cpostmod"":"""",""frequency"":2.0,""pidspread"":2,""pldspread"":2,""pids"":""p25;p20c;"",""plds"":""fanfiction.net;blogspot.com;"",""provids"":""195120195;439802125;""}]"
13;260333613;brush;maybelline;2;2;2;"[{""_id"":{""$numberLong"":""260333613""},""ipremod"":"""",""ipostmod"":"""",""cpremod"":"""",""cpostmod"":"""",""frequency"":2.0,""pidspread"":2,""pldspread"":2,""pids"":""p2;p3a;"",""plds"":""blogspot.com;makeupalley.com;"",""provids"":""345331532;358778467;""}]"
14;281721135;bus;gay;4;4;4;"[{""_id"":{""$numberLong"":""281721135""},""ipremod"":"""",""ipostmod"":"""",""cpremod"":"""",""cpostmod"":"""",""frequency"":4.0,""pidspread"":4,""pldspread"":4,""pids"":""p36;p21d;p8a;p3a;"",""plds"":""godlikeproductions.com;autostraddle.com;ihav.net;tvtropes.org;"",""provids"":""361380051;166776769;289380254;332089640;""}]"
15;340268455;buddy;authority;1;1;1;"[{""_id"":{""$numberLong"":""340268455""},""ipremod"":"""",""ipostmod"":"""",""cpremod"":""delta"",""cpostmod"":"""",""frequency"":1.0,""pidspread"":1,""pldspread"":1,""pids"":""p3a;"",""plds"":""gjsentinel.com;"",""provids"":""442298020;""}]"
16;105870566;caesar;emperors;3;3;3;"[{""_id"":{""$numberLong"":""105870566""},""ipremod"":""julius"",""ipostmod"":"""",""cpremod"":"""",""cpostmod"":"""",""frequency"":3.0,""pidspread"":3,""pldspread"":3,""pids"":""p5;p23c;p3a;"",""plds"":""hostelworld.com;psychic-delia.com;wordpress.com;"",""provids"":""34709553;191358866;22092812;""}]"
17;239830292;cameo;ah;1;1;1;"[{""_id"":{""$numberLong"":""239830292""},""ipremod"":"""",""ipostmod"":"""",""cpremod"":""fun favor"",""cpostmod"":"""",""frequency"":1.0,""pidspread"":1,""pldspread"":1,""pids"":""p8b;"",""plds"":""comicbookmovie.com;"",""provids"":""5334477;""}]"
18;390086334;catlin;outcry;1;1;1;"[{""_id"":{""$numberLong"":""390086334""},""ipremod"":""famous artist george"",""ipostmod"":"""",""cpremod"":""national"",""cpostmod"":"""",""frequency"":1.0,""pidspread"":1,""pldspread"":1,""pids"":""p3a;"",""plds"":""dailykos.com;"",""provids"":""22699006;""}]"
19;469835874;car;filed;1;1;1;"[{""_id"":{""$numberLong"":""469835874""},""ipremod"":""rental"",""ipostmod"":"""",""cpremod"":""police report"",""cpostmod"":"""",""frequency"":1.0,""pidspread"":1,""pldspread"":1,""pids"":""p8b;"",""plds"":""wikilaw3k.org;"",""provids"":""399750504;""}]"
20;376011379;chica;kinky;1;1;1;"[{""_id"":{""$numberLong"":""376011379""},""ipremod"":""lil"",""ipostmod"":"""",""cpremod"":"""",""cpostmod"":""little girl"",""frequency"":1.0,""pidspread"":1,""pldspread"":1,""pids"":""p8a;"",""plds"":""keezmovies.com;"",""provids"":""260397128;""}]"
21;341270445;cilantro;yummies;1;1;1;"[{""_id"":{""$numberLong"":""341270445""},""ipremod"":"""",""ipostmod"":"""",""cpremod"":"""",""cpostmod"":"""",""frequency"":1.0,""pidspread"":1,""pldspread"":1,""pids"":""p7;"",""plds"":""blogspot.com;"",""provids"":""45701752;""}]"
22;20195798;crazed;bestseller;1;1;1;"[{""_id"":{""$numberLong"":""20195798""},""ipremod"":""techno"",""ipostmod"":"""",""cpremod"":"""",""cpostmod"":""on all romance"",""frequency"":1.0,""pidspread"":1,""pldspread"":1,""pids"":""p8a;"",""plds"":""sarahmakela.com;"",""provids"":""333118280;""}]"
23;273170832;cupcake;miette;1;1;1;"[{""_id"":{""$numberLong"":""273170832""},""ipremod"":"""",""ipostmod"":"""",""cpremod"":"""",""cpostmod"":"""",""frequency"":1.0,""pidspread"":1,""pldspread"":1,""pids"":""p34;"",""plds"":""blogspot.com;"",""provids"":""89723854;""}]"
24;308939360;drug;qsymia;1;1;1;"[{""_id"":{""$numberLong"":""308939360""},""ipremod"":""obesity"",""ipostmod"":"""",""cpremod"":""vivus"",""cpostmod"":"""",""frequency"":1.0,""pidspread"":1,""pldspread"":1,""pids"":""p23c;"",""plds"":""fool.com;"",""provids"":""174092799;""}]"
25;493068154;dragon;move;35;10;26;"[{""_id"":{""$numberLong"":""493068127""},""ipremod"":"""",""ipostmod"":"""",""cpremod"":"""",""cpostmod"":"""",""frequency"":6.0,""pidspread"":2,""pldspread"":6,""pids"":""p5;p34;"",""plds"":""cheatsguru.com;flashingblade.net;blogspot.com;dragcave.net;pokecommunity.com;wordpress.com;"",""provids"":""376318133;118220359;251486954;67092994;375386583;375475253;""},{""_id"":{""$numberLong"":""493068128""},""ipremod"":""getter"",""ipostmod"":"""",""cpremod"":"""",""cpostmod"":"""",""frequency"":2.0,""pidspread"":1,""pldspread"":1,""pids"":""p5;"",""plds"":""tvtropes.org;"",""provids"":""368526447;129239893;""},{""_id"":{""$numberLong"":""493068129""},""ipremod"":"""",""ipostmod"":"""",""cpremod"":""custom"",""cpostmod"":"""",""frequency"":2.0,""pidspread"":1,""pldspread"":1,""pids"":""p8a;"",""plds"":""rpgnow.com;"",""provids"":""450734728;249350068;""},{""_id"":{""$numberLong"":""493068130""},""ipremod"":"""",""ipostmod"":"""",""cpremod"":""strongest"",""cpostmod"":""while technician"",""frequency"":1.0,""pidspread"":1,""pldspread"":1,""pids"":""p21a;"",""plds"":""neoseeker.com;"",""provids"":""275021218;""},{""_id"":{""$numberLong"":""493068131""},""ipremod"":""yugis winged"",""ipostmod"":"""",""cpremod"":""few character-specific signature"",""cpostmod"":"""",""frequency"":1.0,""pidspread"":1,""pldspread"":1,""pids"":""p5;"",""plds"":""honestgamers.com;"",""provids"":""44572998;""},{""_id"":{""$numberLong"":""493068132""},""ipremod"":"""",""ipostmod"":""related stuff"",""cpremod"":""popular"",""cpostmod"":"""",""frequency"":1.0,""pidspread"":1,""pldspread"":1,""pids"":""p8a;"",""plds"":""openthetoy.com;"",""provids"":""385201476;""},{""_id"":{""$numberLong"":""493068133""},""ipremod"":"""",""ipostmod"":""in exchange"",""cpremod"":""huge"",""cpostmod"":"""",""frequency"":1.0,""pidspread"":1,""pldspread"":1,""pids"":""p8a;"",""plds"":""notsodaily.com;"",""provids"":""39317787;""},{""_id"":{""$numberLong"":""493068134""},""ipremod"":"""",""ipostmod"":"""",""cpremod"":""new"",""cpostmod"":"""",""frequency"":1.0,""pidspread"":1,""pldspread"":1,""pids"":""p34;"",""plds"":""sputnikmusic.com;"",""provids"":""44192608;""},{""_id"":{""$numberLong"":""493068135""},""ipremod"":""golden"",""ipostmod"":"""",""cpremod"":""spectacular"",""cpostmod"":"""",""frequency"":1.0,""pidspread"":1,""pldspread"":1,""pids"":""p10;"",""plds"":""lcsd.gov.hk;"",""provids"":""389969595;""},{""_id"":{""$numberLong"":""493068136""},""ipremod"":"""",""ipostmod"":"""",""cpremod"":""auxiliary"",""cpostmod"":""against pokemon"",""frequency"":1.0,""pidspread"":1,""pldspread"":1,""pids"":""p8a;"",""plds"":""smogon.com;"",""provids"":""335851176;""},{""_id"":{""$numberLong"":""493068137""},""ipremod"":""various ou"",""ipostmod"":"""",""cpremod"":""ice-type"",""cpostmod"":"""",""frequency"":1.0,""pidspread"":1,""pldspread"":1,""pids"":""p5;"",""plds"":""pokecommunity.com;"",""provids"":""274985095;""},{""_id"":{""$numberLong"":""493068138""},""ipremod"":""situation shoryuken"",""ipostmod"":"""",""cpremod"":""solid"",""cpostmod"":"""",""frequency"":1.0,""pidspread"":1,""pldspread"":1,""pids"":""p8a;"",""plds"":""eventhubs.com;"",""provids"":""324975415;""},{""_id"":{""$numberLong"":""493068139""},""ipremod"":"""",""ipostmod"":"""",""cpremod"":""type"",""cpostmod"":"""",""frequency"":1.0,""pidspread"":1,""pldspread"":1,""pids"":""p5;"",""plds"":""thetoptens.com;"",""provids"":""120189061;""},{""_id"":{""$numberLong"":""493068140""},""ipremod"":"""",""ipostmod"":"""",""cpremod"":""filler"",""cpostmod"":"""",""frequency"":1.0,""pidspread"":1,""pldspread"":1,""pids"":""p8a;"",""plds"":""pokemon-online.eu;"",""provids"":""198031568;""},{""_id"":{""$numberLong"":""493068141""},""ipremod"":"""",""ipostmod"":"""",""cpremod"":""suprising"",""cpostmod"":""for jirachus"",""frequency"":1.0,""pidspread"":1,""pldspread"":1,""pids"":""p8a;"",""plds"":""pokemondb.net;"",""provids"":""368523336;""},{""_id"":{""$numberLong"":""493068142""},""ipremod"":"""",""ipostmod"":"""",""cpremod"":""smart"",""cpostmod"":""for ken"",""frequency"":1.0,""pidspread"":1,""pldspread"":1,""pids"":""p8b;"",""plds"":""blogspot.com;"",""provids"":""208816739;""},{""_id"":{""$numberLong"":""493068143""},""ipremod"":"""",""ipostmod"":"""",""cpremod"":""popular"",""cpostmod"":"""",""frequency"":1.0,""pidspread"":1,""pldspread"":1,""pids"":""p23a;"",""plds"":""pokemondb.net;"",""provids"":""250966096;""},{""_id"":{""$numberLong"":""493068144""},""ipremod"":"""",""ipostmod"":"""",""cpremod"":"""",""cpostmod"":""of every type"",""frequency"":1.0,""pidspread"":1,""pldspread"":1,""pids"":""p25;"",""plds"":""pokecommunity.com;"",""provids"":""126497893;""},{""_id"":{""$numberLong"":""493068145""},""ipremod"":"""",""ipostmod"":"""",""cpremod"":""smart"",""cpostmod"":"""",""frequency"":1.0,""pidspread"":1,""pldspread"":1,""pids"":""p8b;"",""plds"":""blogspot.com;"",""provids"":""152449311;""},{""_id"":{""$numberLong"":""493068146""},""ipremod"":"""",""ipostmod"":""in the eye"",""cpremod"":""bold"",""cpostmod"":"""",""frequency"":1.0,""pidspread"":1,""pldspread"":1,""pids"":""p8a;"",""plds"":""deviantart.com;"",""provids"":""133162553;""},{""_id"":{""$numberLong"":""493068147""},""ipremod"":"""",""ipostmod"":"""",""cpremod"":""best"",""cpostmod"":"""",""frequency"":1.0,""pidspread"":1,""pldspread"":1,""pids"":""p34;"",""plds"":""cheatmasters.com;"",""provids"":""192294030;""},{""_id"":{""$numberLong"":""493068148""},""ipremod"":""water"",""ipostmod"":"""",""cpremod"":""didn't haku use"",""cpostmod"":"""",""frequency"":1.0,""pidspread"":1,""pldspread"":1,""pids"":""p5;"",""plds"":""animesuki.com;"",""provids"":""101486135;""},{""_id"":{""$numberLong"":""493068149""},""ipremod"":"""",""ipostmod"":"""",""cpremod"":""smart"",""cpostmod"":""of course"",""frequency"":1.0,""pidspread"":1,""pldspread"":1,""pids"":""p25;"",""plds"":""animesuki.com;"",""provids"":""210165129;""},{""_id"":{""$numberLong"":""493068150""},""ipremod"":""komodo"",""ipostmod"":"""",""cpremod"":"""",""cpostmod"":"""",""frequency"":1.0,""pidspread"":1,""pldspread"":1,""pids"":""p5;"",""plds"":""washingtonian.com;"",""provids"":""39277270;""},{""_id"":{""$numberLong"":""493068151""},""ipremod"":"""",""ipostmod"":"""",""cpremod"":""notch coverage"",""cpostmod"":"""",""frequency"":1.0,""pidspread"":1,""pldspread"":1,""pids"":""p2;"",""plds"":""smogon.com;"",""provids"":""192279900;""},{""_id"":{""$numberLong"":""493068152""},""ipremod"":"""",""ipostmod"":"""",""cpremod"":""4th gen"",""cpostmod"":"""",""frequency"":1.0,""pidspread"":1,""pldspread"":1,""pids"":""p1;"",""plds"":""serebiiforums.com;"",""provids"":""74748796;""},{""_id"":{""$numberLong"":""493068153""},""ipremod"":""triple"",""ipostmod"":"""",""cpremod"":""new"",""cpostmod"":"""",""frequency"":1.0,""pidspread"":1,""pldspread"":1,""pids"":""p5;"",""plds"":""wikipedia.org;"",""provids"":""380787358;""},{""_id"":{""$numberLong"":""493068154""},""ipremod"":"""",""ipostmod"":"""",""cpremod"":""good"",""cpostmod"":"""",""frequency"":1.0,""pidspread"":1,""pldspread"":1,""pids"":""p8b;"",""plds"":""mangahelpers.com;"",""provids"":""410735967;""}]"
26;255433140;dimensions;chance;1;1;1;"[{""_id"":{""$numberLong"":""255433140""},""ipremod"":""swimming pool"",""ipostmod"":"""",""cpremod"":""good"",""cpostmod"":"""",""frequency"":1.0,""pidspread"":1,""pldspread"":1,""pids"":""p8a;"",""plds"":""isport.com;"",""provids"":""365163363;""}]"
27;345889853;defender;however;15;8;14;"[{""_id"":{""$numberLong"":""345889842""},""ipremod"":""public"",""ipostmod"":"""",""cpremod"":"""",""cpostmod"":"""",""frequency"":3.0,""pidspread"":3,""pldspread"":3,""pids"":""p5;p2;p1;"",""plds"":""progressive.org;federalpracticemanual.org;prisontalk.com;"",""provids"":""195310275;126454374;131641015;""},{""_id"":{""$numberLong"":""345889843""},""ipremod"":"""",""ipostmod"":"""",""cpremod"":"""",""cpostmod"":"""",""frequency"":2.0,""pidspread"":2,""pldspread"":2,""pids"":""p5;p2;"",""plds"":""thanhniennews.com;neopets.com;"",""provids"":""119575283;444715457;""},{""_id"":{""$numberLong"":""345889844""},""ipremod"":"""",""ipostmod"":""in a man"",""cpremod"":"""",""cpostmod"":"""",""frequency"":1.0,""pidspread"":1,""pldspread"":1,""pids"":""p23d;"",""plds"":""whatifsports.com;"",""provids"":""68834315;""},{""_id"":{""$numberLong"":""345889845""},""ipremod"":""other veteran"",""ipostmod"":"""",""cpremod"":""case"",""cpostmod"":"""",""frequency"":1.0,""pidspread"":1,""pldspread"":1,""pids"":""p2;"",""plds"":""pucksage.com;"",""provids"":""402287544;""},{""_id"":{""$numberLong"":""345889846""},""ipremod"":""aggressive"",""ipostmod"":"""",""cpremod"":"""",""cpostmod"":"""",""frequency"":1.0,""pidspread"":1,""pldspread"":1,""pids"":""p23d;"",""plds"":""bleacherreport.com;"",""provids"":""444874571;""},{""_id"":{""$numberLong"":""345889847""},""ipremod"":""great perimeter"",""ipostmod"":"""",""cpremod"":"""",""cpostmod"":"""",""frequency"":1.0,""pidspread"":1,""pldspread"":1,""pids"":""p23a;"",""plds"":""bleacherreport.com;"",""provids"":""188494294;""},{""_id"":{""$numberLong"":""345889848""},""ipremod"":""dime"",""ipostmod"":"""",""cpremod"":"""",""cpostmod"":"""",""frequency"":1.0,""pidspread"":1,""pldspread"":1,""pids"":""p23e;"",""plds"":""go.com;"",""provids"":""287120804;""},{""_id"":{""$numberLong"":""345889849""},""ipremod"":""average"",""ipostmod"":"""",""cpremod"":"""",""cpostmod"":"""",""frequency"":1.0,""pidspread"":1,""pldspread"":1,""pids"":""p24;"",""plds"":""isportsweb.com;"",""provids"":""325519615;""},{""_id"":{""$numberLong"":""345889850""},""ipremod"":""human rights"",""ipostmod"":"""",""cpremod"":"""",""cpostmod"":"""",""frequency"":1.0,""pidspread"":1,""pldspread"":1,""pids"":""p2;"",""plds"":""coe.int;"",""provids"":""372771235;""},{""_id"":{""$numberLong"":""345889851""},""ipremod"":""effective run"",""ipostmod"":"""",""cpremod"":"""",""cpostmod"":"""",""frequency"":1.0,""pidspread"":1,""pldspread"":1,""pids"":""p23d;"",""plds"":""draftexaminer.com;"",""provids"":""19390954;""},{""_id"":{""$numberLong"":""345889852""},""ipremod"":""valiant"",""ipostmod"":"""",""cpremod"":"""",""cpostmod"":"""",""frequency"":1.0,""pidspread"":1,""pldspread"":1,""pids"":""p2;"",""plds"":""blogspot.com;"",""provids"":""399110495;""},{""_id"":{""$numberLong"":""345889853""},""ipremod"":"""",""ipostmod"":""of the"",""cpremod"":"""",""cpostmod"":"""",""frequency"":1.0,""pidspread"":1,""pldspread"":1,""pids"":""p8a;"",""plds"":""baptistnews.com;"",""provids"":""76123933;""}]"
28;499955920;despot;band;1;1;1;"[{""_id"":{""$numberLong"":""499955920""},""ipremod"":""sacred"",""ipostmod"":"""",""cpremod"":""serviceable"",""cpostmod"":"""",""frequency"":1.0,""pidspread"":1,""pldspread"":1,""pids"":""p8a;"",""plds"":""docstoc.com;"",""provids"":""312563552;""}]"
29;389050924;danmiy;best-turned-out-man;1;1;1;"[{""_id"":{""$numberLong"":""389050924""},""ipremod"":""marshall"",""ipostmod"":"""",""cpremod"":"""",""cpostmod"":""in america"",""frequency"":1.0,""pidspread"":1,""pldspread"":1,""pids"":""p12a;"",""plds"":""ufl.edu;"",""provids"":""87715240;""}]"
30;466309901;da';model;1;1;1;"[{""_id"":{""$numberLong"":""466309901""},""ipremod"":"""",""ipostmod"":"""",""cpremod"":""dynabrade palm sander"",""cpostmod"":"""",""frequency"":1.0,""pidspread"":1,""pldspread"":1,""pids"":""p8a;"",""plds"":""hotrodders.com;"",""provids"":""246456745;""}]"
31;493445912;effect;nate;1;1;1;"[{""_id"":{""$numberLong"":""493445912""},""ipremod"":"""",""ipostmod"":"""",""cpremod"":""power food gregarious"",""cpostmod"":"""",""frequency"":1.0,""pidspread"":1,""pldspread"":1,""pids"":""p8a;"",""plds"":""kitchenparade.com;"",""provids"":""258608066;""}]"
32;140679423;et;attitude;1;1;1;"[{""_id"":{""$numberLong"":""140679423""},""ipremod"":""reliance tj"",""ipostmod"":"""",""cpremod"":"""",""cpostmod"":"""",""frequency"":1.0,""pidspread"":1,""pldspread"":1,""pids"":""p24;"",""plds"":""history.ac.uk;"",""provids"":""454914816;""}]"
33;413288236;everytime;location;1;1;1;"[{""_id"":{""$numberLong"":""413288236""},""ipremod"":"""",""ipostmod"":""a bomb"",""cpremod"":"""",""cpostmod"":"""",""frequency"":1.0,""pidspread"":1,""pldspread"":1,""pids"":""p8a;"",""plds"":""programmersheaven.com;"",""provids"":""10240430;""}]"
34;14220439;execution;being;4;4;4;"[{""_id"":{""$numberLong"":""14220436""},""ipremod"":"""",""ipostmod"":"""",""cpremod"":"""",""cpostmod"":""as prop"",""frequency"":1.0,""pidspread"":1,""pldspread"":1,""pids"":""p5;"",""plds"":""threatswatch.org;"",""provids"":""181376908;""},{""_id"":{""$numberLong"":""14220437""},""ipremod"":""state-sponsored"",""ipostmod"":"""",""cpremod"":""human"",""cpostmod"":"""",""frequency"":1.0,""pidspread"":1,""pldspread"":1,""pids"":""p3a;"",""plds"":""huffingtonpost.com;"",""provids"":""293624348;""},{""_id"":{""$numberLong"":""14220438""},""ipremod"":"""",""ipostmod"":"""",""cpremod"":""time"",""cpostmod"":"""",""frequency"":1.0,""pidspread"":1,""pldspread"":1,""pids"":""p2;"",""plds"":""wordpress.com;"",""provids"":""239715226;""},{""_id"":{""$numberLong"":""14220439""},""ipremod"":"""",""ipostmod"":""the empire"",""cpremod"":""criminal human"",""cpostmod"":"""",""frequency"":1.0,""pidspread"":1,""pldspread"":1,""pids"":""p23d;"",""plds"":""religion-online.org;"",""provids"":""203211093;""}]"
35;19194895;extent;smart-mode;1;1;1;"[{""_id"":{""$numberLong"":""19194895""},""ipremod"":"""",""ipostmod"":"""",""cpremod"":"""",""cpostmod"":"""",""frequency"":1.0,""pidspread"":1,""pldspread"":1,""pids"":""p36;"",""plds"":""phoronix.com;"",""provids"":""95899172;""}]"
36;247606769;fau;week;1;1;1;"[{""_id"":{""$numberLong"":""247606769""},""ipremod"":"""",""ipostmod"":"""",""cpremod"":""important"",""cpostmod"":""because ground"",""frequency"":1.0,""pidspread"":1,""pldspread"":1,""pids"":""p8b;"",""plds"":""rivals.com;"",""provids"":""146884477;""}]"
37;249028587;fna;back;1;1;1;"[{""_id"":{""$numberLong"":""249028587""},""ipremod"":""djemma el"",""ipostmod"":"""",""cpremod"":"""",""cpostmod"":"""",""frequency"":1.0,""pidspread"":1,""pldspread"":1,""pids"":""p23d;"",""plds"":""worldnomads.com;"",""provids"":""28041775;""}]"
38;259366994;force;worldwhere;1;1;1;"[{""_id"":{""$numberLong"":""259366994""},""ipremod"":"""",""ipostmod"":"""",""cpremod"":"""",""cpostmod"":""the government cannot"",""frequency"":1.0,""pidspread"":1,""pldspread"":1,""pids"":""p25;"",""plds"":""nybooks.com;"",""provids"":""40748048;""}]"
39;448460478;format;costume;1;1;1;"[{""_id"":{""$numberLong"":""448460478""},""ipremod"":""wrong"",""ipostmod"":"""",""cpremod"":"""",""cpostmod"":"""",""frequency"":1.0,""pidspread"":1,""pldspread"":1,""pids"":""p12c;"",""plds"":""blogspot.com;"",""provids"":""433063454;""}]"
40;151188949;framework;rcsl;1;1;1;"[{""_id"":{""$numberLong"":""151188949""},""ipremod"":"""",""ipostmod"":""of the international"",""cpremod"":"""",""cpostmod"":"""",""frequency"":1.0,""pidspread"":1,""pldspread"":1,""pids"":""p23e;"",""plds"":""isa-sociology.org;"",""provids"":""297776911;""}]"
41;293517612;franc;december;1;1;1;"[{""_id"":{""$numberLong"":""293517612""},""ipremod"":""cabernet"",""ipostmod"":"""",""cpremod"":"""",""cpostmod"":"""",""frequency"":1.0,""pidspread"":1,""pldspread"":1,""pids"":""p21c;"",""plds"":""blogspot.com;"",""provids"":""225347779;""}]"
42;99559518;gibson;agentand;1;1;1;"[{""_id"":{""$numberLong"":""99559518""},""ipremod"":""fact"",""ipostmod"":"""",""cpremod"":"""",""cpostmod"":""consider the fact"",""frequency"":1.0,""pidspread"":1,""pldspread"":1,""pids"":""p8a;"",""plds"":""verysmartbrothas.com;"",""provids"":""103926848;""}]"
43;187094011;go;cnn;1;1;1;"[{""_id"":{""$numberLong"":""187094011""},""ipremod"":"""",""ipostmod"":"""",""cpremod"":"""",""cpostmod"":"""",""frequency"":1.0,""pidspread"":1,""pldspread"":1,""pids"":""p24;"",""plds"":""cnn.com;"",""provids"":""445041494;""}]"
44;217844103;government;progressive-thinking;1;1;1;"[{""_id"":{""$numberLong"":""217844103""},""ipremod"":""chinese"",""ipostmod"":"""",""cpremod"":"""",""cpostmod"":"""",""frequency"":1.0,""pidspread"":1,""pldspread"":1,""pids"":""p8a;"",""plds"":""slashdot.org;"",""provids"":""340956384;""}]"
45;264496263;god;punishing;3;2;3;"[{""_id"":{""$numberLong"":""264496263""},""ipremod"":"""",""ipostmod"":"""",""cpremod"":"""",""cpostmod"":"""",""frequency"":3.0,""pidspread"":2,""pldspread"":3,""pids"":""p8a;p8b;"",""plds"":""christiananswers.net;malesurvivor.org;pathworklectures.com;"",""provids"":""347106414;144335134;447343837;""}]"
46;241382009;hay;extravagance;1;1;1;"[{""_id"":{""$numberLong"":""241382009""},""ipremod"":"""",""ipostmod"":"""",""cpremod"":""rare"",""cpostmod"":"""",""frequency"":1.0,""pidspread"":1,""pldspread"":1,""pids"":""p8b;"",""plds"":""electricscotland.com;"",""provids"":""46285219;""}]"
47;47216484;hitler';struggle;1;1;1;"[{""_id"":{""$numberLong"":""47216484""},""ipremod"":"""",""ipostmod"":""notorious mein kampf"",""cpremod"":""other famous politician"",""cpostmod"":"""",""frequency"":1.0,""pidspread"":1,""pldspread"":1,""pids"":""p5;"",""plds"":""americanthinker.com;"",""provids"":""43915486;""}]"
48;212035232;hmm;couple;44;4;41;"[{""_id"":{""$numberLong"":""212035197""},""ipremod"":"""",""ipostmod"":"""",""cpremod"":"""",""cpostmod"":"""",""frequency"":4.0,""pidspread"":3,""pldspread"":4,""pids"":""p8a;p8c;p8b;"",""plds"":""animesuki.com;blogspot.com;lushstories.com;christianguitar.org;"",""provids"":""3958358;103400065;451542048;102657554;""},{""_id"":{""$numberLong"":""212035198""},""ipremod"":"""",""ipostmod"":"""",""cpremod"":"""",""cpostmod"":""of thing"",""frequency"":4.0,""pidspread"":2,""pldspread"":4,""pids"":""p8d;p8c;"",""plds"":""stardestroyer.net;sourceforge.net;devnetwork.net;ps3trophies.com;"",""provids"":""128379751;399158645;366229744;231784606;""},{""_id"":{""$numberLong"":""212035199""},""ipremod"":"""",""ipostmod"":"""",""cpremod"":"""",""cpostmod"":""of way"",""frequency"":3.0,""pidspread"":1,""pldspread"":3,""pids"":""p8c;"",""plds"":""freethoughtblogs.com;netbsd.org;eca.cx;"",""provids"":""171150417;229670967;84654949;""},{""_id"":{""$numberLong"":""212035200""},""ipremod"":"""",""ipostmod"":"""",""cpremod"":"""",""cpostmod"":""of component/rca jack"",""frequency"":1.0,""pidspread"":1,""pldspread"":1,""pids"":""p8a;"",""plds"":""xbox-scene.com;"",""provids"":""7422806;""},{""_id"":{""$numberLong"":""212035201""},""ipremod"":"""",""ipostmod"":"""",""cpremod"":"""",""cpostmod"":""of loreal"",""frequency"":1.0,""pidspread"":1,""pldspread"":1,""pids"":""p8c;"",""plds"":""clumpsofmascara.com;"",""provids"":""210368122;""},{""_id"":{""$numberLong"":""212035202""},""ipremod"":"""",""ipostmod"":"""",""cpremod"":"""",""cpostmod"":""of program"",""frequency"":1.0,""pidspread"":1,""pldspread"":1,""pids"":""p8c;"",""plds"":""adubvideo.net;"",""provids"":""139164655;""},{""_id"":{""$numberLong"":""212035203""},""ipremod"":"""",""ipostmod"":"""",""cpremod"":"""",""cpostmod"":""of spot"",""frequency"":1.0,""pidspread"":1,""pldspread"":1,""pids"":""p8a;"",""plds"":""leagueoflegends.com;"",""provids"":""217991024;""},{""_id"":{""$numberLong"":""212035204""},""ipremod"":""gt gt"",""ipostmod"":"""",""cpremod"":"""",""cpostmod"":""of followup"",""frequency"":1.0,""pidspread"":1,""pldspread"":1,""pids"":""p8d;"",""plds"":""sgi.com;"",""provids"":""201870345;""},{""_id"":{""$numberLong"":""212035205""},""ipremod"":"""",""ipostmod"":"""",""cpremod"":"""",""cpostmod"":""of newegg"",""frequency"":1.0,""pidspread"":1,""pldspread"":1,""pids"":""p8c;"",""plds"":""cheapassgamer.com;"",""provids"":""41824114;""},{""_id"":{""$numberLong"":""212035206""},""ipremod"":"""",""ipostmod"":"""",""cpremod"":"""",""cpostmod"":""of issue"",""frequency"":1.0,""pidspread"":1,""pldspread"":1,""pids"":""p8c;"",""plds"":""typepad.com;"",""provids"":""190291730;""},{""_id"":{""$numberLong"":""212035207""},""ipremod"":"""",""ipostmod"":"""",""cpremod"":"""",""cpostmod"":""of patch"",""frequency"":1.0,""pidspread"":1,""pldspread"":1,""pids"":""p8a;"",""plds"":""daemonforums.org;"",""provids"":""103381192;""},{""_id"":{""$numberLong"":""212035208""},""ipremod"":"""",""ipostmod"":"""",""cpremod"":"""",""cpostmod"":""of netflix"",""frequency"":1.0,""pidspread"":1,""pldspread"":1,""pids"":""p8c;"",""plds"":""dbstalk.com;"",""provids"":""398800315;""},{""_id"":{""$numberLong"":""212035209""},""ipremod"":"""",""ipostmod"":""last time"",""cpremod"":"""",""cpostmod"":""of week"",""frequency"":1.0,""pidspread"":1,""pldspread"":1,""pids"":""p8b;"",""plds"":""pbnation.com;"",""provids"":""426369216;""},{""_id"":{""$numberLong"":""212035210""},""ipremod"":"""",""ipostmod"":"""",""cpremod"":""wedding"",""cpostmod"":""3 week"",""frequency"":1.0,""pidspread"":1,""pldspread"":1,""pids"":""p8b;"",""plds"":""dpreview.com;"",""provids"":""272905049;""},{""_id"":{""$numberLong"":""212035211""},""ipremod"":""have"",""ipostmod"":"""",""cpremod"":"""",""cpostmod"":""of random thing"",""frequency"":1.0,""pidspread"":1,""pldspread"":1,""pids"":""p8c;"",""plds"":""themusic.com.au;"",""provids"":""172169348;""},{""_id"":{""$numberLong"":""212035212""},""ipremod"":""nice"",""ipostmod"":"""",""cpremod"":"""",""cpostmod"":""of story"",""frequency"":1.0,""pidspread"":1,""pldspread"":1,""pids"":""p8d;"",""plds"":""hatrack.com;"",""provids"":""127100549;""},{""_id"":{""$numberLong"":""212035213""},""ipremod"":""rob ives"",""ipostmod"":"""",""cpremod"":"""",""cpostmod"":""of thing"",""frequency"":1.0,""pidspread"":1,""pldspread"":1,""pids"":""p8c;"",""plds"":""pjmedia.com;"",""provids"":""101813014;""},{""_id"":{""$numberLong"":""212035214""},""ipremod"":"""",""ipostmod"":"""",""cpremod"":"""",""cpostmod"":""of christmas"",""frequency"":1.0,""pidspread"":1,""pldspread"":1,""pids"":""p8c;"",""plds"":""typepad.com;"",""provids"":""66634793;""},{""_id"":{""$numberLong"":""212035215""},""ipremod"":""gt"",""ipostmod"":"""",""cpremod"":"""",""cpostmod"":""of followup"",""frequency"":1.0,""pidspread"":1,""pldspread"":1,""pids"":""p8d;"",""plds"":""sgi.com;"",""provids"":""5638231;""},{""_id"":{""$numberLong"":""212035216""},""ipremod"":"""",""ipostmod"":"""",""cpremod"":"""",""cpostmod"":""of flag"",""frequency"":1.0,""pidspread"":1,""pldspread"":1,""pids"":""p8c;"",""plds"":""dobermantalk.com;"",""provids"":""63931358;""},{""_id"":{""$numberLong"":""212035217""},""ipremod"":"""",""ipostmod"":"""",""cpremod"":"""",""cpostmod"":""of stang"",""frequency"":1.0,""pidspread"":1,""pldspread"":1,""pids"":""p8d;"",""plds"":""maxbimmer.com;"",""provids"":""254401142;""},{""_id"":{""$numberLong"":""212035218""},""ipremod"":""favorite"",""ipostmod"":"""",""cpremod"":"""",""cpostmod"":""of question"",""frequency"":1.0,""pidspread"":1,""pldspread"":1,""pids"":""p8b;"",""plds"":""metafilter.com;"",""provids"":""152894945;""},{""_id"":{""$numberLong"":""212035219""},""ipremod"":"""",""ipostmod"":"""",""cpremod"":"""",""cpostmod"":""for me"",""frequency"":1.0,""pidspread"":1,""pldspread"":1,""pids"":""p8c;"",""plds"":""head-fi.org;"",""provids"":""153665861;""},{""_id"":{""$numberLong"":""212035220""},""ipremod"":"""",""ipostmod"":"""",""cpremod"":"""",""cpostmod"":""of well-now cricket"",""frequency"":1.0,""pidspread"":1,""pldspread"":1,""pids"":""p8c;"",""plds"":""pcadvisor.co.uk;"",""provids"":""139148913;""},{""_id"":{""$numberLong"":""212035221""},""ipremod"":"""",""ipostmod"":"""",""cpremod"":"""",""cpostmod"":""of observation"",""frequency"":1.0,""pidspread"":1,""pldspread"":1,""pids"":""p8c;"",""plds"":""bookwormroom.com;"",""provids"":""240765251;""},{""_id"":{""$numberLong"":""212035222""},""ipremod"":"""",""ipostmod"":"""",""cpremod"":"""",""cpostmod"":""of gb max"",""frequency"":1.0,""pidspread"":1,""pldspread"":1,""pids"":""p8a;"",""plds"":""dreamhost.com;"",""provids"":""93472338;""},{""_id"":{""$numberLong"":""212035223""},""ipremod"":"""",""ipostmod"":"""",""cpremod"":"""",""cpostmod"":""of other kant"",""frequency"":1.0,""pidspread"":1,""pldspread"":1,""pids"":""p8b;"",""plds"":""antionline.com;"",""provids"":""156955839;""},{""_id"":{""$numberLong"":""212035224""},""ipremod"":""gt"",""ipostmod"":"""",""cpremod"":"""",""cpostmod"":""of thing"",""frequency"":1.0,""pidspread"":1,""pldspread"":1,""pids"":""p8c;"",""plds"":""postgresql.org;"",""provids"":""430093290;""},{""_id"":{""$numberLong"":""212035225""},""ipremod"":"""",""ipostmod"":"""",""cpremod"":"""",""cpostmod"":""weird comma"",""frequency"":1.0,""pidspread"":1,""pldspread"":1,""pids"":""p8c;"",""plds"":""fictionpress.com;"",""provids"":""296422398;""},{""_id"":{""$numberLong"":""212035226""},""ipremod"":"""",""ipostmod"":"""",""cpremod"":"""",""cpostmod"":""of change"",""frequency"":1.0,""pidspread"":1,""pldspread"":1,""pids"":""p8d;"",""plds"":""arduino.cc;"",""provids"":""398943682;""},{""_id"":{""$numberLong"":""212035227""},""ipremod"":"""",""ipostmod"":""in illinois"",""cpremod"":""lesbian"",""cpostmod"":""as well"",""frequency"":1.0,""pidspread"":1,""pldspread"":1,""pids"":""p8b;"",""plds"":""thegloss.com;"",""provids"":""96492848;""},{""_id"":{""$numberLong"":""212035228""},""ipremod"":"""",""ipostmod"":"""",""cpremod"":"""",""cpostmod"":""of insider"",""frequency"":1.0,""pidspread"":1,""pldspread"":1,""pids"":""p8c;"",""plds"":""oceanup.com;"",""provids"":""92588267;""},{""_id"":{""$numberLong"":""212035229""},""ipremod"":"""",""ipostmod"":"""",""cpremod"":"""",""cpostmod"":""different sora option"",""frequency"":1.0,""pidspread"":1,""pldspread"":1,""pids"":""p8c;"",""plds"":""cosplay.com;"",""provids"":""343547537;""},{""_id"":{""$numberLong"":""212035230""},""ipremod"":""gt"",""ipostmod"":"""",""cpremod"":"""",""cpostmod"":""of way"",""frequency"":1.0,""pidspread"":1,""pldspread"":1,""pids"":""p8c;"",""plds"":""netbsd.org;"",""provids"":""109529495;""},{""_id"":{""$numberLong"":""212035231""},""ipremod"":""explorer"",""ipostmod"":"""",""cpremod"":"""",""cpostmod"":""of people"",""frequency"":1.0,""pidspread"":1,""pldspread"":1,""pids"":""p8d;"",""plds"":""jeepforum.com;"",""provids"":""208056158;""},{""_id"":{""$numberLong"":""212035232""},""ipremod"":"""",""ipostmod"":"""",""cpremod"":"""",""cpostmod"":""of tempting one"",""frequency"":1.0,""pidspread"":1,""pldspread"":1,""pids"":""p8c;"",""plds"":""terrypratchettbooks.com;"",""provids"":""359044656;""}]"
49;470574566;hoe;rhyme;1;1;1;"[{""_id"":{""$numberLong"":""470574566""},""ipremod"":"""",""ipostmod"":"""",""cpremod"":"""",""cpostmod"":""about something"",""frequency"":1.0,""pidspread"":1,""pldspread"":1,""pids"":""p26;"",""plds"":""quantumcritics.com;"",""provids"":""281427663;""}]"
50;60227688;humanity;congress;3;2;3;"[{""_id"":{""$numberLong"":""60227687""},""ipremod"":"""",""ipostmod"":"""",""cpremod"":""mobile world"",""cpostmod"":"""",""frequency"":2.0,""pidspread"":1,""pldspread"":2,""pids"":""p23b;"",""plds"":""techweb.com;informationweek.com;"",""provids"":""377380779;377300810;""},{""_id"":{""$numberLong"":""60227688""},""ipremod"":"""",""ipostmod"":"""",""cpremod"":"""",""cpostmod"":"""",""frequency"":1.0,""pidspread"":1,""pldspread"":1,""pids"":""p26;"",""plds"":""hartford-hwp.com;"",""provids"":""270884844;""}]"
51;242175943;ic87361;derivative;1;1;1;"[{""_id"":{""$numberLong"":""242175943""},""ipremod"":""abstract purpose/objective"",""ipostmod"":"""",""cpremod"":""morpholine"",""cpostmod"":"""",""frequency"":1.0,""pidspread"":1,""pldspread"":1,""pids"":""p8a;"",""plds"":""allenpress.com;"",""provids"":""152327160;""}]"
52;74419741;inhaler;home;3;3;3;"[{""_id"":{""$numberLong"":""74419741""},""ipremod"":"""",""ipostmod"":"""",""cpremod"":"""",""cpostmod"":"""",""frequency"":3.0,""pidspread"":3,""pldspread"":3,""pids"":""p34;p25;p3a;"",""plds"":""dooyoo.co.uk;yakimamemorial.org;shh.org;"",""provids"":""303203756;430006305;57709577;""}]"
53;277124217;intelligent;similarly;1;1;1;"[{""_id"":{""$numberLong"":""277124217""},""ipremod"":"""",""ipostmod"":"""",""cpremod"":"""",""cpostmod"":"""",""frequency"":1.0,""pidspread"":1,""pldspread"":1,""pids"":""p25;"",""plds"":""perl.org;"",""provids"":""27363456;""}]"
54;98432274;ip;restraint;4;2;3;"[{""_id"":{""$numberLong"":""98432271""},""ipremod"":""employer intellectual property"",""ipostmod"":"""",""cpremod"":"""",""cpostmod"":""on trade"",""frequency"":1.0,""pidspread"":1,""pldspread"":1,""pids"":""p8b;"",""plds"":""jdsupra.com;"",""provids"":""264811389;""},{""_id"":{""$numberLong"":""98432272""},""ipremod"":""employer intellectual property"",""ipostmod"":"""",""cpremod"":""unfair"",""cpostmod"":""on trademore"",""frequency"":1.0,""pidspread"":1,""pldspread"":1,""pids"":""p8b;"",""plds"":""jdsupra.com;"",""provids"":""266138424;""},{""_id"":{""$numberLong"":""98432273""},""ipremod"":"""",""ipostmod"":""a exclusive patent"",""cpremod"":"""",""cpostmod"":""on property rights"",""frequency"":1.0,""pidspread"":1,""pldspread"":1,""pids"":""p3a;"",""plds"":""ipwatchdog.com;"",""provids"":""387302311;""},{""_id"":{""$numberLong"":""98432274""},""ipremod"":"""",""ipostmod"":"""",""cpremod"":"""",""cpostmod"":""on speech"",""frequency"":1.0,""pidspread"":1,""pldspread"":1,""pids"":""p3a;"",""plds"":""techdirt.com;"",""provids"":""47918778;""}]"
55;94512143;leaf;speed;13;6;11;"[{""_id"":{""$numberLong"":""94512138""},""ipremod"":"""",""ipostmod"":"""",""cpremod"":"""",""cpostmod"":""of image"",""frequency"":4.0,""pidspread"":1,""pldspread"":4,""pids"":""p5;"",""plds"":""cdrinfo.com;megagames.com;ntcompatible.com;techspot.com;"",""provids"":""203910439;203447064;409828222;203798830;""},{""_id"":{""$numberLong"":""94512139""},""ipremod"":"""",""ipostmod"":""on tree"",""cpremod"":""highest wind"",""cpostmod"":"""",""frequency"":3.0,""pidspread"":1,""pldspread"":3,""pids"":""p21a;"",""plds"":""vetlearn.com;sciencedaily.com;phys.org;"",""provids"":""219631965;119626336;219621432;""},{""_id"":{""$numberLong"":""94512140""},""ipremod"":"""",""ipostmod"":"""",""cpremod"":"""",""cpostmod"":"""",""frequency"":2.0,""pidspread"":1,""pldspread"":1,""pids"":""p8c;"",""plds"":""pickuphockey.com;"",""provids"":""159309493;200139174;""},{""_id"":{""$numberLong"":""94512141""},""ipremod"":""all-electric nissan"",""ipostmod"":"""",""cpremod"":"""",""cpostmod"":"""",""frequency"":2.0,""pidspread"":1,""pldspread"":1,""pids"":""p3a;"",""plds"":""freep.com;"",""provids"":""137808480;114417075;""},{""_id"":{""$numberLong"":""94512142""},""ipremod"":"""",""ipostmod"":"""",""cpremod"":""prudent"",""cpostmod"":"""",""frequency"":1.0,""pidspread"":1,""pldspread"":1,""pids"":""p8a;"",""plds"":""thetruthaboutcars.com;"",""provids"":""47186258;""},{""_id"":{""$numberLong"":""94512143""},""ipremod"":"""",""ipostmod"":"""",""cpremod"":""sustained wind"",""cpostmod"":"""",""frequency"":1.0,""pidspread"":1,""pldspread"":1,""pids"":""p24;"",""plds"":""louisianacrops.com;"",""provids"":""216740866;""}]"
56;63424816;locality;identification;3;2;3;"[{""_id"":{""$numberLong"":""63424816""},""ipremod"":"""",""ipostmod"":"""",""cpremod"":"""",""cpostmod"":"""",""frequency"":3.0,""pidspread"":2,""pldspread"":3,""pids"":""p5;p3a;"",""plds"":""consumered.com;statewatch.org;azag.gov;"",""provids"":""22640311;303678870;320305521;""}]"
57;25922572;luminance;replica;1;1;1;"[{""_id"":{""$numberLong"":""25922572""},""ipremod"":"""",""ipostmod"":""value the cr"",""cpremod"":"""",""cpostmod"":""of the color"",""frequency"":1.0,""pidspread"":1,""pldspread"":1,""pids"":""p8a;"",""plds"":""google.com;"",""provids"":""278696465;""}]"
58;258819480;lying;accordance;3;1;3;"[{""_id"":{""$numberLong"":""258819480""},""ipremod"":"""",""ipostmod"":"""",""cpremod"":"""",""cpostmod"":"""",""frequency"":3.0,""pidspread"":1,""pldspread"":3,""pids"":""p27b;"",""plds"":""google.com;google.es;google.ca;"",""provids"":""225812687;226088972;225463839;""}]"
59;254402254;macadamian;google;1;1;1;"[{""_id"":{""$numberLong"":""254402254""},""ipremod"":"""",""ipostmod"":"""",""cpremod"":"""",""cpostmod"":"""",""frequency"":1.0,""pidspread"":1,""pldspread"":1,""pids"":""p8a;"",""plds"":""picpacwrack.net;"",""provids"":""20697141;""}]"
60;255438075;manufactur;effect;1;1;1;"[{""_id"":{""$numberLong"":""255438075""},""ipremod"":"""",""ipostmod"":"""",""cpremod"":"""",""cpostmod"":""of setting"",""frequency"":1.0,""pidspread"":1,""pldspread"":1,""pids"":""p26;"",""plds"":""cornell.edu;"",""provids"":""267432451;""}]"
61;439633123;madsen;selling;1;1;1;"[{""_id"":{""$numberLong"":""439633123""},""ipremod"":""richard"",""ipostmod"":"""",""cpremod"":"""",""cpostmod"":""critical account"",""frequency"":1.0,""pidspread"":1,""pldspread"":1,""pids"":""p12a;"",""plds"":""berkeley.edu;"",""provids"":""353532982;""}]"
62;488933457;marine;poet;1;1;1;"[{""_id"":{""$numberLong"":""488933457""},""ipremod"":""former"",""ipostmod"":"""",""cpremod"":"""",""cpostmod"":"""",""frequency"":1.0,""pidspread"":1,""pldspread"":1,""pids"":""p8a;"",""plds"":""tennesseewilliams.net;"",""provids"":""109865715;""}]"
63;158382712;230mb;luxury;1;1;1;"[{""_id"":{""$numberLong"":""158382712""},""ipremod"":"""",""ipostmod"":""for system"",""cpremod"":"""",""cpostmod"":"""",""frequency"":1.0,""pidspread"":1,""pldspread"":1,""pids"":""p8a;"",""plds"":""modaco.com;"",""provids"":""321240404;""}]"
64;39599316;meaning;blank;3;3;3;"[{""_id"":{""$numberLong"":""39599316""},""ipremod"":"""",""ipostmod"":"""",""cpremod"":"""",""cpostmod"":"""",""frequency"":3.0,""pidspread"":3,""pldspread"":3,""pids"":""p28a;p8a;p8b;"",""plds"":""thehenryford.org;loc.gov;groklaw.net;"",""provids"":""373309938;327626677;232714728;""}]"
65;122397072;method;loose;1;1;1;"[{""_id"":{""$numberLong"":""122397072""},""ipremod"":"""",""ipostmod"":"""",""cpremod"":"""",""cpostmod"":"""",""frequency"":1.0,""pidspread"":1,""pldspread"":1,""pids"":""p8a;"",""plds"":""arstechnica.com;"",""provids"":""375431211;""}]"
66;240306668;means;produce1988-10-25wade426/2634764389method;1;1;1;"[{""_id"":{""$numberLong"":""240306668""},""ipremod"":""related"",""ipostmod"":"""",""cpremod"":"""",""cpostmod"":""of accelerate fruit"",""frequency"":1.0,""pidspread"":1,""pldspread"":1,""pids"":""p24;"",""plds"":""freepatentsonline.com;"",""provids"":""108282298;""}]"
67;268863945;meeting;jersey;4;2;3;"[{""_id"":{""$numberLong"":""268863943""},""ipremod"":""face-to-face"",""ipostmod"":"""",""cpremod"":""brian cushing"",""cpostmod"":"""",""frequency"":2.0,""pidspread"":1,""pldspread"":2,""pids"":""p8b;"",""plds"":""lakewaukomis.org;sagahid.com;"",""provids"":""232956544;232924132;""},{""_id"":{""$numberLong"":""268863944""},""ipremod"":""face-to-face"",""ipostmod"":"""",""cpremod"":""brian dawkins"",""cpostmod"":"""",""frequency"":1.0,""pidspread"":1,""pldspread"":1,""pids"":""p8b;"",""plds"":""lakewaukomis.org;"",""provids"":""232924132;""},{""_id"":{""$numberLong"":""268863945""},""ipremod"":""plymouth"",""ipostmod"":"""",""cpremod"":""new"",""cpostmod"":"""",""frequency"":1.0,""pidspread"":1,""pldspread"":1,""pids"":""p3a;"",""plds"":""mortgagekevin.com;"",""provids"":""43972720;""}]"
68;333921256;methamphetamine;away;1;1;1;"[{""_id"":{""$numberLong"":""333921256""},""ipremod"":"""",""ipostmod"":"""",""cpremod"":"""",""cpostmod"":"""",""frequency"":1.0,""pidspread"":1,""pldspread"":1,""pids"":""p5;"",""plds"":""americanbar.org;"",""provids"":""373082534;""}]"
69;507206333;messenger;righteousness;1;1;1;"[{""_id"":{""$numberLong"":""507206333""},""ipremod"":"""",""ipostmod"":"""",""cpremod"":"""",""cpostmod"":"""",""frequency"":1.0,""pidspread"":1,""pldspread"":1,""pids"":""p21a;"",""plds"":""blogspot.com;"",""provids"":""161471274;""}]"
70;233513443;mfp;general;2;1;1;"[{""_id"":{""$numberLong"":""233513442""},""ipremod"":"""",""ipostmod"":""have a copier"",""cpremod"":"""",""cpostmod"":"""",""frequency"":1.0,""pidspread"":1,""pldspread"":1,""pids"":""p5;"",""plds"":""google.com;"",""provids"":""382685617;""},{""_id"":{""$numberLong"":""233513443""},""ipremod"":"""",""ipostmod"":"""",""cpremod"":"""",""cpostmod"":"""",""frequency"":1.0,""pidspread"":1,""pldspread"":1,""pids"":""p5;"",""plds"":""google.com;"",""provids"":""196428858;""}]"
71;128582547;mimo;yes;1;1;1;"[{""_id"":{""$numberLong"":""128582547""},""ipremod"":""av2"",""ipostmod"":"""",""cpremod"":"""",""cpostmod"":"""",""frequency"":1.0,""pidspread"":1,""pldspread"":1,""pids"":""p3a;"",""plds"":""homeplug.org;"",""provids"":""285777963;""}]"
72;220978109;mississippus;songwriter;3;1;3;"[{""_id"":{""$numberLong"":""220978109""},""ipremod"":"""",""ipostmod"":"""",""cpremod"":""american"",""cpostmod"":"""",""frequency"":3.0,""pidspread"":1,""pldspread"":3,""pids"":""p8b;"",""plds"":""amplified.com;ranker.com;wikipedia.org;"",""provids"":""380294888;369939348;374251989;""}]"
73;72434795;mottley;case;1;1;1;"[{""_id"":{""$numberLong"":""72434795""},""ipremod"":"""",""ipostmod"":"""",""cpremod"":"""",""cpostmod"":""of ilk"",""frequency"":1.0,""pidspread"":1,""pldspread"":1,""pids"":""p1;"",""plds"":""oyez.org;"",""provids"":""348785953;""}]"
74;384237222;mountain;self;10;1;9;"[{""_id"":{""$numberLong"":""384237220""},""ipremod"":"""",""ipostmod"":""of arizona"",""cpremod"":"""",""cpostmod"":"""",""frequency"":7.0,""pidspread"":1,""pldspread"":6,""pids"":""p8a;"",""plds"":""smashwords.com;awesomesaucebookclub.com;heroesandheartbreakers.com;blogspot.com;sweetsouthernhome.net;whatutalkingboutwillis.info;"",""provids"":""272007748;271984132;391646991;272988775;271928207;306134146;272076719;""},{""_id"":{""$numberLong"":""384237221""},""ipremod"":"""",""ipostmod"":"""",""cpremod"":"""",""cpostmod"":"""",""frequency"":2.0,""pidspread"":1,""pldspread"":2,""pids"":""p8a;"",""plds"":""lizburns.org;ibikeride.com;"",""provids"":""43779636;188582826;""},{""_id"":{""$numberLong"":""384237222""},""ipremod"":"""",""ipostmod"":"""",""cpremod"":"""",""cpostmod"":""impose hardship"",""frequency"":1.0,""pidspread"":1,""pldspread"":1,""pids"":""p8a;"",""plds"":""bycommonconsent.com;"",""provids"":""275158052;""}]"
75;489513045;morley;many;2;1;1;"[{""_id"":{""$numberLong"":""489513045""},""ipremod"":"""",""ipostmod"":"""",""cpremod"":"""",""cpostmod"":"""",""frequency"":2.0,""pidspread"":1,""pldspread"":1,""pids"":""p3a;"",""plds"":""gainesville.com;"",""provids"":""198597202;33173750;""}]"
76;493902099;monday;duke;1;1;1;"[{""_id"":{""$numberLong"":""493902099""},""ipremod"":"""",""ipostmod"":""for all case"",""cpremod"":"""",""cpostmod"":"""",""frequency"":1.0,""pidspread"":1,""pldspread"":1,""pids"":""p4;"",""plds"":""historyofparliamentonline.org;"",""provids"":""160839967;""}]"
77;225431068;myers;brennan;1;1;1;"[{""_id"":{""$numberLong"":""225431068""},""ipremod"":""tyler"",""ipostmod"":"""",""cpremod"":"""",""cpostmod"":""1544"",""frequency"":1.0,""pidspread"":1,""pldspread"":1,""pids"":""p23b;"",""plds"":""buffalohockeybeat.com;"",""provids"":""62172684;""}]"
78;6969816;name;pertien;2;1;1;"[{""_id"":{""$numberLong"":""6969816""},""ipremod"":"""",""ipostmod"":""of specific work"",""cpremod"":"""",""cpostmod"":"""",""frequency"":2.0,""pidspread"":1,""pldspread"":1,""pids"":""p3a;"",""plds"":""getty.edu;"",""provids"":""289310547;77712903;""}]"
79;254358306;newsletter;senior;1;1;1;"[{""_id"":{""$numberLong"":""254358306""},""ipremod"":"""",""ipostmod"":"""",""cpremod"":""write health information"",""cpostmod"":"""",""frequency"":1.0,""pidspread"":1,""pldspread"":1,""pids"":""p28d;"",""plds"":""uncoverobamacare.com;"",""provids"":""281821023;""}]"
80;63817575;normalization;priority;4;1;4;"[{""_id"":{""$numberLong"":""63817572""},""ipremod"":"""",""ipostmod"":"""",""cpremod"":"""",""cpostmod"":""for sam"",""frequency"":1.0,""pidspread"":1,""pldspread"":1,""pids"":""p8a;"",""plds"":""hotair.com;"",""provids"":""233250365;""},{""_id"":{""$numberLong"":""63817573""},""ipremod"":"""",""ipostmod"":""of relation"",""cpremod"":""key"",""cpostmod"":"""",""frequency"":1.0,""pidspread"":1,""pldspread"":1,""pids"":""p8a;"",""plds"":""rt.com;"",""provids"":""292333631;""},{""_id"":{""$numberLong"":""63817574""},""ipremod"":"""",""ipostmod"":"""",""cpremod"":"""",""cpostmod"":"""",""frequency"":1.0,""pidspread"":1,""pldspread"":1,""pids"":""p8a;"",""plds"":""richarddingwall.name;"",""provids"":""239876386;""},{""_id"":{""$numberLong"":""63817575""},""ipremod"":""linguistic"",""ipostmod"":""in health"",""cpremod"":"""",""cpostmod"":""of the ministry"",""frequency"":1.0,""pidspread"":1,""pldspread"":1,""pids"":""p8a;"",""plds"":""cap.org;"",""provids"":""141157304;""}]"
81;136779256;northwest;safety;1;1;1;"[{""_id"":{""$numberLong"":""136779256""},""ipremod"":"""",""ipostmod"":"""",""cpremod"":""flight"",""cpostmod"":"""",""frequency"":1.0,""pidspread"":1,""pldspread"":1,""pids"":""p8a;"",""plds"":""worthpoint.com;"",""provids"":""420305651;""}]"
82;365932273;north;scrub;4;4;4;"[{""_id"":{""$numberLong"":""365932270""},""ipremod"":""arab"",""ipostmod"":"""",""cpremod"":"""",""cpostmod"":"""",""frequency"":1.0,""pidspread"":1,""pldspread"":1,""pids"":""p23a;"",""plds"":""newint.org;"",""provids"":""41535525;""},{""_id"":{""$numberLong"":""365932271""},""ipremod"":"""",""ipostmod"":""of toronto"",""cpremod"":"""",""cpostmod"":""once a season"",""frequency"":1.0,""pidspread"":1,""pldspread"":1,""pids"":""p8b;"",""plds"":""moomba.com;"",""provids"":""384371092;""},{""_id"":{""$numberLong"":""365932272""},""ipremod"":""degree"",""ipostmod"":""of east"",""cpremod"":"""",""cpostmod"":""in every direction"",""frequency"":1.0,""pidspread"":1,""pldspread"":1,""pids"":""p25;"",""plds"":""adelaide.edu.au;"",""provids"":""78630106;""},{""_id"":{""$numberLong"":""365932273""},""ipremod"":"""",""ipostmod"":"""",""cpremod"":"""",""cpostmod"":"""",""frequency"":1.0,""pidspread"":1,""pldspread"":1,""pids"":""p23d;"",""plds"":""wakeworld.com;"",""provids"":""339112211;""}]"
83;121767221;number;might;11;7;9;"[{""_id"":{""$numberLong"":""121767211""},""ipremod"":""phone"",""ipostmod"":"""",""cpremod"":"""",""cpostmod"":"""",""frequency"":1.0,""pidspread"":1,""pldspread"":1,""pids"":""p2;"",""plds"":""lasvegassun.com;"",""provids"":""454490612;""},{""_id"":{""$numberLong"":""121767212""},""ipremod"":"""",""ipostmod"":""64"",""cpremod"":""sheet"",""cpostmod"":"""",""frequency"":1.0,""pidspread"":1,""pldspread"":1,""pids"":""p16;"",""plds"":""google.com;"",""provids"":""444836290;""},{""_id"":{""$numberLong"":""121767213""},""ipremod"":"""",""ipostmod"":""of recharge"",""cpremod"":"""",""cpostmod"":"""",""frequency"":1.0,""pidspread"":1,""pldspread"":1,""pids"":""p16;"",""plds"":""w3.org;"",""provids"":""64612980;""},{""_id"":{""$numberLong"":""121767214""},""ipremod"":""tail"",""ipostmod"":"""",""cpremod"":""flag"",""cpostmod"":"""",""frequency"":1.0,""pidspread"":1,""pldspread"":1,""pids"":""p3a;"",""plds"":""lasvegassun.com;"",""provids"":""37012396;""},{""_id"":{""$numberLong"":""121767215""},""ipremod"":"""",""ipostmod"":"""",""cpremod"":"""",""cpostmod"":"""",""frequency"":1.0,""pidspread"":1,""pldspread"":1,""pids"":""p16;"",""plds"":""w3.org;"",""provids"":""433842889;""},{""_id"":{""$numberLong"":""121767216""},""ipremod"":"""",""ipostmod"":""of ground troops"",""cpremod"":"""",""cpostmod"":""of united states"",""frequency"":1.0,""pidspread"":1,""pldspread"":1,""pids"":""p3a;"",""plds"":""enterstageright.com;"",""provids"":""190016861;""},{""_id"":{""$numberLong"":""121767217""},""ipremod"":"""",""ipostmod"":""three"",""cpremod"":"""",""cpostmod"":"""",""frequency"":1.0,""pidspread"":1,""pldspread"":1,""pids"":""p8a;"",""plds"":""mimi.hu;"",""provids"":""75428309;""},{""_id"":{""$numberLong"":""121767218""},""ipremod"":""acoustic magic"",""ipostmod"":"""",""cpremod"":"""",""cpostmod"":"""",""frequency"":1.0,""pidspread"":1,""pldspread"":1,""pids"":""p23b;"",""plds"":""allaboutjazz.com;"",""provids"":""309529757;""},{""_id"":{""$numberLong"":""121767219""},""ipremod"":""chassis"",""ipostmod"":"""",""cpremod"":"""",""cpostmod"":"""",""frequency"":1.0,""pidspread"":1,""pldspread"":1,""pids"":""p23d;"",""plds"":""honestjohn.co.uk;"",""provids"":""339248323;""},{""_id"":{""$numberLong"":""121767220""},""ipremod"":"""",""ipostmod"":""of hero"",""cpremod"":""other"",""cpostmod"":"""",""frequency"":1.0,""pidspread"":1,""pldspread"":1,""pids"":""p8a;"",""plds"":""thehightechsociety.com;"",""provids"":""122337388;""},{""_id"":{""$numberLong"":""121767221""},""ipremod"":"""",""ipostmod"":"""",""cpremod"":""paint"",""cpostmod"":"""",""frequency"":1.0,""pidspread"":1,""pldspread"":1,""pids"":""p28d;"",""plds"":""docstoc.com;"",""provids"":""94211177;""}]"
84;382170021;13-of-15;line;2;1;2;"[{""_id"":{""$numberLong"":""382170020""},""ipremod"":"""",""ipostmod"":"""",""cpremod"":"""",""cpostmod"":""on the night"",""frequency"":1.0,""pidspread"":1,""pldspread"":1,""pids"":""p3a;"",""plds"":""go.com;"",""provids"":""390954629;""},{""_id"":{""$numberLong"":""382170021""},""ipremod"":"""",""ipostmod"":"""",""cpremod"":"""",""cpostmod"":"""",""frequency"":1.0,""pidspread"":1,""pldspread"":1,""pids"":""p3a;"",""plds"":""lsugoldeneagles.com;"",""provids"":""10772737;""}]"
85;265538957;ok;instructer;1;1;1;"[{""_id"":{""$numberLong"":""265538957""},""ipremod"":"""",""ipostmod"":"""",""cpremod"":"""",""cpostmod"":"""",""frequency"":1.0,""pidspread"":1,""pldspread"":1,""pids"":""p8b;"",""plds"":""rcgroups.com;"",""provids"":""372319967;""}]"
86;433632020;orlando;kessler;1;1;1;"[{""_id"":{""$numberLong"":""433632020""},""ipremod"":""grand bohemian hotel"",""ipostmod"":"""",""cpremod"":""art collector richard"",""cpostmod"":"""",""frequency"":1.0,""pidspread"":1,""pldspread"":1,""pids"":""p3a;"",""plds"":""orlandomagazine.com;"",""provids"":""232927190;""}]"
87;231204127;other;tsunami;3;3;3;"[{""_id"":{""$numberLong"":""231204127""},""ipremod"":"""",""ipostmod"":"""",""cpremod"":"""",""cpostmod"":"""",""frequency"":3.0,""pidspread"":3,""pldspread"":3,""pids"":""p8a;p8b;p3a;"",""plds"":""aish.com;ic-mp.org;dana-haynes.com;"",""provids"":""253740364;215751696;262241675;""}]"
88;186075885;pakistan;ex-colony;2;2;2;"[{""_id"":{""$numberLong"":""186075885""},""ipremod"":"""",""ipostmod"":"""",""cpremod"":"""",""cpostmod"":"""",""frequency"":2.0,""pidspread"":2,""pldspread"":2,""pids"":""p5;p1;"",""plds"":""economist.com;questia.com;"",""provids"":""153535407;373645112;""}]"
89;243735969;parable;aggression;1;1;1;"[{""_id"":{""$numberLong"":""243735969""},""ipremod"":"""",""ipostmod"":"""",""cpremod"":"""",""cpostmod"":""by author"",""frequency"":1.0,""pidspread"":1,""pldspread"":1,""pids"":""p28c;"",""plds"":""abc.net.au;"",""provids"":""85049406;""}]"
90;298293257;paula;surprise;2;2;2;"[{""_id"":{""$numberLong"":""298293256""},""ipremod"":""rosenblatt"",""ipostmod"":"""",""cpremod"":""big"",""cpostmod"":"""",""frequency"":1.0,""pidspread"":1,""pldspread"":1,""pids"":""p8d;"",""plds"":""pbs.org;"",""provids"":""19681553;""},{""_id"":{""$numberLong"":""298293257""},""ipremod"":"""",""ipostmod"":"""",""cpremod"":"""",""cpostmod"":"""",""frequency"":1.0,""pidspread"":1,""pldspread"":1,""pids"":""p8a;"",""plds"":""tvline.com;"",""provids"":""383644894;""}]"
91;380899753;paycheck;meal;2;2;2;"[{""_id"":{""$numberLong"":""380899753""},""ipremod"":"""",""ipostmod"":"""",""cpremod"":"""",""cpostmod"":"""",""frequency"":2.0,""pidspread"":2,""pldspread"":2,""pids"":""p8a;p8b;"",""plds"":""cnjonline.com;wolfgangsvault.com;"",""provids"":""428757026;296486983;""}]"
92;265625812;pc;applicatio;1;1;1;"[{""_id"":{""$numberLong"":""265625812""},""ipremod"":""advanced font viewer"",""ipostmod"":"""",""cpremod"":""comprehensive"",""cpostmod"":"""",""frequency"":1.0,""pidspread"":1,""pldspread"":1,""pids"":""p8a;"",""plds"":""dafont.com;"",""provids"":""264615483;""}]"
93;139132257;photobucket;editing;9;3;9;"[{""_id"":{""$numberLong"":""139132254""},""ipremod"":"""",""ipostmod"":"""",""cpremod"":""online video"",""cpostmod"":"""",""frequency"":5.0,""pidspread"":1,""pldspread"":5,""pids"":""p5;"",""plds"":""photographybb.com;dpreview.com;imaging-resource.com;imaginginfo.com;adobe.com;"",""provids"":""196489438;256949715;360377303;257204518;359356386;""},{""_id"":{""$numberLong"":""139132255""},""ipremod"":"""",""ipostmod"":"""",""cpremod"":"""",""cpostmod"":"""",""frequency"":2.0,""pidspread"":2,""pldspread"":2,""pids"":""p5;p8a;"",""plds"":""shutterbug.com;gnip.com;"",""provids"":""148796396;52253868;""},{""_id"":{""$numberLong"":""139132256""},""ipremod"":"""",""ipostmod"":"""",""cpremod"":""video"",""cpostmod"":""through partner"",""frequency"":1.0,""pidspread"":1,""pldspread"":1,""pids"":""p5;"",""plds"":""blogspot.com;"",""provids"":""13078929;""},{""_id"":{""$numberLong"":""139132257""},""ipremod"":"""",""ipostmod"":"""",""cpremod"":""online photo"",""cpostmod"":"""",""frequency"":1.0,""pidspread"":1,""pldspread"":1,""pids"":""p4;"",""plds"":""wacom.com;"",""provids"":""316380244;""}]"
94;243760643;philips;exaltation;1;1;1;"[{""_id"":{""$numberLong"":""243760643""},""ipremod"":""john"",""ipostmod"":""1"",""cpremod"":"""",""cpostmod"":""of paltry subject"",""frequency"":1.0,""pidspread"":1,""pldspread"":1,""pids"":""p5;"",""plds"":""bartleby.com;"",""provids"":""368314218;""}]"
95;450286725;pm;synesthesium;2;2;2;"[{""_id"":{""$numberLong"":""450286725""},""ipremod"":"""",""ipostmod"":"""",""cpremod"":"""",""cpostmod"":"""",""frequency"":2.0,""pidspread"":2,""pldspread"":2,""pids"":""p28d;p43;"",""plds"":""gnxp.com;wordpress.com;"",""provids"":""32326746;328940114;""}]"
96;76709207;poverty;muse;1;1;1;"[{""_id"":{""$numberLong"":""76709207""},""ipremod"":"""",""ipostmod"":"""",""cpremod"":"""",""cpostmod"":"""",""frequency"":1.0,""pidspread"":1,""pldspread"":1,""pids"":""p36;"",""plds"":""blogspot.com;"",""provids"":""25301611;""}]"
97;209693125;pub;orhave;1;1;1;"[{""_id"":{""$numberLong"":""209693125""},""ipremod"":"""",""ipostmod"":"""",""cpremod"":""place selling alcohol"",""cpostmod"":"""",""frequency"":1.0,""pidspread"":1,""pldspread"":1,""pids"":""p4;"",""plds"":""lawstuff.org.au;"",""provids"":""185415558;""}]"
98;184025665;recalled;valentine;1;1;1;"[{""_id"":{""$numberLong"":""184025665""},""ipremod"":""pilch"",""ipostmod"":"""",""cpremod"":""early morning"",""cpostmod"":"""",""frequency"":1.0,""pidspread"":1,""pldspread"":1,""pids"":""p8b;"",""plds"":""dawsonnews.com;"",""provids"":""421813325;""}]"
99;404231247;rhythm;elf;1;1;1;"[{""_id"":{""$numberLong"":""404231247""},""ipremod"":"""",""ipostmod"":""of life"",""cpremod"":""american"",""cpostmod"":"""",""frequency"":1.0,""pidspread"":1,""pldspread"":1,""pids"":""p21a;"",""plds"":""stormingthetower.com;"",""provids"":""336677445;""}]"
100;92172679;rmah;image;1;1;1;"[{""_id"":{""$numberLong"":""92172679""},""ipremod"":""human figure"",""ipostmod"":"""",""cpremod"":"""",""cpostmod"":"""",""frequency"":1.0,""pidspread"":1,""pldspread"":1,""pids"":""p3a;"",""plds"":""archeolog-home.com;"",""provids"":""101256220;""}]"
101;201894924;roark;rest;3;2;3;"[{""_id"":{""$numberLong"":""201894923""},""ipremod"":""san francisco"",""ipostmod"":""5-4"",""cpremod"":"""",""cpostmod"":""of the pop"",""frequency"":2.0,""pidspread"":1,""pldspread"":2,""pids"":""p3a;"",""plds"":""spjournal.com;mantecabulletin.com;"",""provids"":""47318687;356494804;""},{""_id"":{""$numberLong"":""201894924""},""ipremod"":""former starter tanner"",""ipostmod"":"""",""cpremod"":"""",""cpostmod"":""of the bullpen"",""frequency"":1.0,""pidspread"":1,""pldspread"":1,""pids"":""p21a;"",""plds"":""tickpick.com;"",""provids"":""181270913;""}]"
102;390484094;schwab;beyond;1;1;1;"[{""_id"":{""$numberLong"":""390484094""},""ipremod"":""competent"",""ipostmod"":"""",""cpremod"":"""",""cpostmod"":"""",""frequency"":1.0,""pidspread"":1,""pldspread"":1,""pids"":""p8a;"",""plds"":""glassdoor.com;"",""provids"":""212671449;""}]"
103;482339352;sciences;cradle;1;1;1;"[{""_id"":{""$numberLong"":""482339352""},""ipremod"":""precision ultrafast light"",""ipostmod"":"""",""cpremod"":"""",""cpostmod"":""of innovative idea"",""frequency"":1.0,""pidspread"":1,""pldspread"":1,""pids"":""p8a;"",""plds"":""uah.edu;"",""provids"":""346804385;""}]"
104;268660971;seconds;warmth;2;2;2;"[{""_id"":{""$numberLong"":""268660970""},""ipremod"":""few"",""ipostmod"":"""",""cpremod"":"""",""cpostmod"":"""",""frequency"":1.0,""pidspread"":1,""pldspread"":1,""pids"":""p8b;"",""plds"":""blogspot.com;"",""provids"":""264010819;""},{""_id"":{""$numberLong"":""268660971""},""ipremod"":"""",""ipostmod"":"""",""cpremod"":"""",""cpostmod"":"""",""frequency"":1.0,""pidspread"":1,""pldspread"":1,""pids"":""p28a;"",""plds"":""harrypotterfanfiction.com;"",""provids"":""323995409;""}]"
105;1231983;shoshanna;protagonist;1;1;1;"[{""_id"":{""$numberLong"":""1231983""},""ipremod"":"""",""ipostmod"":"""",""cpremod"":"""",""cpostmod"":""on the hbo"",""frequency"":1.0,""pidspread"":1,""pldspread"":1,""pids"":""p12a;"",""plds"":""haaretz.com;"",""provids"":""252693169;""}]"
106;200904680;shell;api';1;1;1;"[{""_id"":{""$numberLong"":""200904680""},""ipremod"":""interactive"",""ipostmod"":"""",""cpremod"":"""",""cpostmod"":"""",""frequency"":1.0,""pidspread"":1,""pldspread"":1,""pids"":""p1;"",""plds"":""mongodb.org;"",""provids"":""301745382;""}]"
107;221701292;shown;closure;16;4;6;"[{""_id"":{""$numberLong"":""221701284""},""ipremod"":""rubber septum not"",""ipostmod"":"""",""cpremod"":""pierceable"",""cpostmod"":"""",""frequency"":5.0,""pidspread"":1,""pldspread"":4,""pids"":""p5;"",""plds"":""google.com;google.fr;google.es;google.com.au;"",""provids"":""318550010;78539772;78610601;318535060;78625405;""},{""_id"":{""$numberLong"":""221701285""},""ipremod"":""not"",""ipostmod"":"""",""cpremod"":"""",""cpostmod"":"""",""frequency"":2.0,""pidspread"":2,""pldspread"":2,""pids"":""p5;p10;"",""plds"":""google.com;google.com.au;"",""provids"":""235686433;321378506;""},{""_id"":{""$numberLong"":""221701286""},""ipremod"":""gate valve not"",""ipostmod"":"""",""cpremod"":""suitable"",""cpostmod"":"""",""frequency"":2.0,""pidspread"":1,""pldspread"":2,""pids"":""p5;"",""plds"":""google.com;google.es;"",""provids"":""23059764;23009649;""},{""_id"":{""$numberLong"":""221701287""},""ipremod"":""closure flap not"",""ipostmod"":"""",""cpremod"":""releasable"",""cpostmod"":"""",""frequency"":2.0,""pidspread"":1,""pldspread"":2,""pids"":""p5;"",""plds"":""google.com;freshpatents.com;"",""provids"":""124908572;124989845;""},{""_id"":{""$numberLong"":""221701288""},""ipremod"":""check valve not"",""ipostmod"":"""",""cpremod"":""suitable"",""cpostmod"":"""",""frequency"":1.0,""pidspread"":1,""pldspread"":1,""pids"":""p5;"",""plds"":""google.com;"",""provids"":""21857823;""},{""_id"":{""$numberLong"":""221701289""},""ipremod"":""metal cap not"",""ipostmod"":"""",""cpremod"":"""",""cpostmod"":"""",""frequency"":1.0,""pidspread"":1,""pldspread"":1,""pids"":""p5;"",""plds"":""google.com;"",""provids"":""9245168;""},{""_id"":{""$numberLong"":""221701290""},""ipremod"":""liquiflapper"",""ipostmod"":"""",""cpremod"":"""",""cpostmod"":"""",""frequency"":1.0,""pidspread"":1,""pldspread"":1,""pids"":""p3a;"",""plds"":""packworld.com;"",""provids"":""80902538;""},{""_id"":{""$numberLong"":""221701291""},""ipremod"":""door not"",""ipostmod"":"""",""cpremod"":""suitable"",""cpostmod"":"""",""frequency"":1.0,""pidspread"":1,""pldspread"":1,""pids"":""p5;"",""plds"":""google.com;"",""provids"":""51526179;""},{""_id"":{""$numberLong"":""221701292""},""ipremod"":""various component"",""ipostmod"":"""",""cpremod"":"""",""cpostmod"":""in the sense"",""frequency"":1.0,""pidspread"":1,""pldspread"":1,""pids"":""p8a;"",""plds"":""google.com;"",""provids"":""214551019;""}]"
108;460714625;shin;opponent;1;1;1;"[{""_id"":{""$numberLong"":""460714625""},""ipremod"":"""",""ipostmod"":"""",""cpremod"":"""",""cpostmod"":"""",""frequency"":1.0,""pidspread"":1,""pldspread"":1,""pids"":""p3a;"",""plds"":""randomc.net;"",""provids"":""192442251;""}]"
109;355208782;sirjunlegun;joke;1;1;1;"[{""_id"":{""$numberLong"":""355208782""},""ipremod"":"""",""ipostmod"":""the dia location"",""cpremod"":"""",""cpostmod"":"""",""frequency"":1.0,""pidspread"":1,""pldspread"":1,""pids"":""p8a;"",""plds"":""abovetopsecret.com;"",""provids"":""243422423;""}]"
110;323526698;skirt;wee;10;2;8;"[{""_id"":{""$numberLong"":""323526698""},""ipremod"":"""",""ipostmod"":"""",""cpremod"":"""",""cpostmod"":"""",""frequency"":10.0,""pidspread"":2,""pldspread"":8,""pids"":""p8a;p8b;"",""plds"":""blogspot.co.nz;bethietheboo.com;blogspot.com;thebudgetfashionista.com;cosplay.com;micechat.com;tomandlorenzo.com;auxetically.com;"",""provids"":""56263020;72259200;187486494;140654413;278100547;183998619;246214055;262426351;358454;423326232;""}]"
111;395114780;smoker;plenty;4;3;3;"[{""_id"":{""$numberLong"":""395114777""},""ipremod"":"""",""ipostmod"":"""",""cpremod"":"""",""cpostmod"":""of space"",""frequency"":1.0,""pidspread"":1,""pldspread"":1,""pids"":""p3a;"",""plds"":""canucks.com;"",""provids"":""80075969;""},{""_id"":{""$numberLong"":""395114778""},""ipremod"":""non"",""ipostmod"":"""",""cpremod"":"""",""cpostmod"":""of chair"",""frequency"":1.0,""pidspread"":1,""pldspread"":1,""pids"":""p36;"",""plds"":""cruisecritic.com;"",""provids"":""338329144;""},{""_id"":{""$numberLong"":""395114779""},""ipremod"":"""",""ipostmod"":"""",""cpremod"":"""",""cpostmod"":"""",""frequency"":1.0,""pidspread"":1,""pldspread"":1,""pids"":""p2;"",""plds"":""baltimoresun.com;"",""provids"":""390090783;""},{""_id"":{""$numberLong"":""395114780""},""ipremod"":"""",""ipostmod"":"""",""cpremod"":"""",""cpostmod"":""of chair"",""frequency"":1.0,""pidspread"":1,""pldspread"":1,""pids"":""p36;"",""plds"":""cruisecritic.com;"",""provids"":""338329144;""}]"
112;133764921;something;catchy;5;3;5;"[{""_id"":{""$numberLong"":""133764921""},""ipremod"":"""",""ipostmod"":"""",""cpremod"":"""",""cpostmod"":"""",""frequency"":5.0,""pidspread"":3,""pldspread"":5,""pids"":""p15b;p23b;p43;"",""plds"":""backstage.com;dooyoo.co.uk;metal-archives.com;blogspot.com;animeinstrumentality.net;"",""provids"":""318146004;330109451;104541670;118844398;189945010;""}]"
113;289879047;song;amazonmp3;1;1;1;"[{""_id"":{""$numberLong"":""289879047""},""ipremod"":""touching"",""ipostmod"":"""",""cpremod"":"""",""cpostmod"":"""",""frequency"":1.0,""pidspread"":1,""pldspread"":1,""pids"":""p8a;"",""plds"":""hiroshiwatanabe.com;"",""provids"":""98400818;""}]"
114;454218307;song;moreover;8;4;8;"[{""_id"":{""$numberLong"":""454218305""},""ipremod"":"""",""ipostmod"":"""",""cpremod"":"""",""cpostmod"":"""",""frequency"":6.0,""pidspread"":3,""pldspread"":6,""pids"":""p34;p23d;p23b;"",""plds"":""catholicnewsagency.com;vatican.va;blogspot.com;adoremus.org;hollowverse.com;progarchives.com;"",""provids"":""187436504;364550867;221564902;364686371;364662158;364778748;""},{""_id"":{""$numberLong"":""454218306""},""ipremod"":"""",""ipostmod"":""of the fairy"",""cpremod"":"""",""cpostmod"":"""",""frequency"":1.0,""pidspread"":1,""pldspread"":1,""pids"":""p5;"",""plds"":""sourcetext.com;"",""provids"":""82376043;""},{""_id"":{""$numberLong"":""454218307""},""ipremod"":""lute"",""ipostmod"":"""",""cpremod"":"""",""cpostmod"":"""",""frequency"":1.0,""pidspread"":1,""pldspread"":1,""pids"":""p34;"",""plds"":""sscm-jscm.org;"",""provids"":""107100502;""}]"
115;216545977;sponsorship;monetization;2;1;1;"[{""_id"":{""$numberLong"":""216545976""},""ipremod"":""corporate/charity"",""ipostmod"":"""",""cpremod"":"""",""cpostmod"":"""",""frequency"":1.0,""pidspread"":1,""pldspread"":1,""pids"":""p2;"",""plds"":""typepad.com;"",""provids"":""436514805;""},{""_id"":{""$numberLong"":""216545977""},""ipremod"":"""",""ipostmod"":"""",""cpremod"":"""",""cpostmod"":"""",""frequency"":1.0,""pidspread"":1,""pldspread"":1,""pids"":""p2;"",""plds"":""typepad.com;"",""provids"":""436514805;""}]"
116;405500113;spence;olb;2;2;2;"[{""_id"":{""$numberLong"":""405500113""},""ipremod"":"""",""ipostmod"":"""",""cpremod"":"""",""cpostmod"":"""",""frequency"":2.0,""pidspread"":2,""pldspread"":2,""pids"":""p36;p8b;"",""plds"":""steelersdepot.com;clanram.com;"",""provids"":""251092827;101194825;""}]"
117;180629234;stx-expr;identifier;1;1;1;"[{""_id"":{""$numberLong"":""180629234""},""ipremod"":"""",""ipostmod"":"""",""cpremod"":"""",""cpostmod"":"""",""frequency"":1.0,""pidspread"":1,""pldspread"":1,""pids"":""p8a;"",""plds"":""plt-scheme.org;"",""provids"":""439103719;""}]"
118;31025489;superintendence;service;7;2;4;"[{""_id"":{""$numberLong"":""31025488""},""ipremod"":"""",""ipostmod"":"""",""cpremod"":"""",""cpostmod"":"""",""frequency"":5.0,""pidspread"":2,""pldspread"":2,""pids"":""p1;p28b;"",""plds"":""uky.edu;sfasu.edu;"",""provids"":""385830133;271401939;317313117;140048401;129573689;""},{""_id"":{""$numberLong"":""31025489""},""ipremod"":"""",""ipostmod"":"""",""cpremod"":""expert"",""cpostmod"":""in connection"",""frequency"":2.0,""pidspread"":1,""pldspread"":2,""pids"":""p1;"",""plds"":""nj.gov;state.nj.us;"",""provids"":""95944288;95886089;""}]"
119;345949982;superamp;clarity;1;1;1;"[{""_id"":{""$numberLong"":""345949982""},""ipremod"":"""",""ipostmod"":"""",""cpremod"":"""",""cpostmod"":"""",""frequency"":1.0,""pidspread"":1,""pldspread"":1,""pids"":""p8b;"",""plds"":""audioasylum.com;"",""provids"":""166157145;""}]"
120;38102990;talking;greed;3;1;3;"[{""_id"":{""$numberLong"":""38102990""},""ipremod"":"""",""ipostmod"":"""",""cpremod"":"""",""cpostmod"":"""",""frequency"":3.0,""pidspread"":1,""pldspread"":3,""pids"":""p28c;"",""plds"":""refdesk.com;worldbank.org;slideshare.net;"",""provids"":""289479524;125592342;126675455;""}]"
121;186131433;tactical;re-barrel;1;1;1;"[{""_id"":{""$numberLong"":""186131433""},""ipremod"":""less"",""ipostmod"":"""",""cpremod"":""market"",""cpostmod"":"""",""frequency"":1.0,""pidspread"":1,""pldspread"":1,""pids"":""p21d;"",""plds"":""perfectunion.com;"",""provids"":""246584770;""}]"
122;491593525;taylor;mass;2;2;2;"[{""_id"":{""$numberLong"":""491593525""},""ipremod"":"""",""ipostmod"":"""",""cpremod"":"""",""cpostmod"":"""",""frequency"":2.0,""pidspread"":2,""pldspread"":2,""pids"":""p8a;p27a;"",""plds"":""typepad.com;annarborchronicle.com;"",""provids"":""296385450;175019604;""}]"
123;454345438;tcus;foothill;4;1;4;"[{""_id"":{""$numberLong"":""454345437""},""ipremod"":""tiger conservation units"",""ipostmod"":"""",""cpremod"":"""",""cpostmod"":""of the himalayas"",""frequency"":3.0,""pidspread"":1,""pldspread"":3,""pids"":""p3a;"",""plds"":""projectnoah.org;eol.org;wikipedia.org;"",""provids"":""203001950;217407833;216976258;""},{""_id"":{""$numberLong"":""454345438""},""ipremod"":""tungsten carbide insert"",""ipostmod"":"""",""cpremod"":"""",""cpostmod"":""with various type"",""frequency"":1.0,""pidspread"":1,""pldspread"":1,""pids"":""p3a;"",""plds"":""drillingcontractor.org;"",""provids"":""257271818;""}]"
124;92851291;tell;place;15;4;14;"[{""_id"":{""$numberLong"":""92851280""},""ipremod"":"""",""ipostmod"":"""",""cpremod"":"""",""cpostmod"":"""",""frequency"":4.0,""pidspread"":3,""pldspread"":4,""pids"":""p8a;p20a;p43;"",""plds"":""jonospulse.com;klewtv.com;singletrackworld.com;wordpress.com;"",""provids"":""138116661;3443892;342618808;343671862;""},{""_id"":{""$numberLong"":""92851281""},""ipremod"":"""",""ipostmod"":"""",""cpremod"":""separate"",""cpostmod"":"""",""frequency"":1.0,""pidspread"":1,""pldspread"":1,""pids"":""p20a;"",""plds"":""romanticbug.com;"",""provids"":""271591826;""},{""_id"":{""$numberLong"":""92851282""},""ipremod"":""didnt anyone"",""ipostmod"":"""",""cpremod"":"""",""cpostmod"":"""",""frequency"":1.0,""pidspread"":1,""pldspread"":1,""pids"":""p20a;"",""plds"":""wordpress.com;"",""provids"":""218500357;""},{""_id"":{""$numberLong"":""92851283""},""ipremod"":"""",""ipostmod"":"""",""cpremod"":""solid second"",""cpostmod"":"""",""frequency"":1.0,""pidspread"":1,""pldspread"":1,""pids"":""p8a;"",""plds"":""talkbass.com;"",""provids"":""87399581;""},{""_id"":{""$numberLong"":""92851284""},""ipremod"":"""",""ipostmod"":""your friend com"",""cpremod"":"""",""cpostmod"":"""",""frequency"":1.0,""pidspread"":1,""pldspread"":1,""pids"":""p20a;"",""plds"":""theyworkforyou.com;"",""provids"":""453288963;""},{""_id"":{""$numberLong"":""92851285""},""ipremod"":""dont"",""ipostmod"":"""",""cpremod"":"""",""cpostmod"":""for loud music"",""frequency"":1.0,""pidspread"":1,""pldspread"":1,""pids"":""p8a;"",""plds"":""issuu.com;"",""provids"":""2181126;""},{""_id"":{""$numberLong"":""92851286""},""ipremod"":"""",""ipostmod"":"""",""cpremod"":"""",""cpostmod"":""for a jew"",""frequency"":1.0,""pidspread"":1,""pldspread"":1,""pids"":""p8a;"",""plds"":""kumah.org;"",""provids"":""153940115;""},{""_id"":{""$numberLong"":""92851287""},""ipremod"":"""",""ipostmod"":"""",""cpremod"":""special"",""cpostmod"":"""",""frequency"":1.0,""pidspread"":1,""pldspread"":1,""pids"":""p8a;"",""plds"":""theohanamama.com;"",""provids"":""441438123;""},{""_id"":{""$numberLong"":""92851288""},""ipremod"":""different perspective"",""ipostmod"":"""",""cpremod"":""gathering"",""cpostmod"":""for dialogue"",""frequency"":1.0,""pidspread"":1,""pldspread"":1,""pids"":""p8a;"",""plds"":""wjsu.org;"",""provids"":""294010662;""},{""_id"":{""$numberLong"":""92851289""},""ipremod"":""e-portfolio"",""ipostmod"":""a storyit"",""cpremod"":"""",""cpostmod"":""of organisationit"",""frequency"":1.0,""pidspread"":1,""pldspread"":1,""pids"":""p8a;"",""plds"":""google.com;"",""provids"":""181245609;""},{""_id"":{""$numberLong"":""92851290""},""ipremod"":""production"",""ipostmod"":"""",""cpremod"":""gathering"",""cpostmod"":""for dialogue"",""frequency"":1.0,""pidspread"":1,""pldspread"":1,""pids"":""p8a;"",""plds"":""wxxi.org;"",""provids"":""350328346;""},{""_id"":{""$numberLong"":""92851291""},""ipremod"":"""",""ipostmod"":"""",""cpremod"":""great"",""cpostmod"":"""",""frequency"":1.0,""pidspread"":1,""pldspread"":1,""pids"":""p8c;"",""plds"":""twincitytimes.com;"",""provids"":""122137681;""}]"
125;167460271;teat;idea;2;2;2;"[{""_id"":{""$numberLong"":""167460270""},""ipremod"":"""",""ipostmod"":""down city hall"",""cpremod"":""constructive"",""cpostmod"":"""",""frequency"":1.0,""pidspread"":1,""pldspread"":1,""pids"":""p26;"",""plds"":""endoftheamericandream.com;"",""provids"":""239129116;""},{""_id"":{""$numberLong"":""167460271""},""ipremod"":"""",""ipostmod"":"""",""cpremod"":""good"",""cpostmod"":"""",""frequency"":1.0,""pidspread"":1,""pldspread"":1,""pids"":""p8a;"",""plds"":""mumsnet.com;"",""provids"":""46156826;""}]"
126;288516246;team;valentine;2;2;2;"[{""_id"":{""$numberLong"":""288516246""},""ipremod"":"""",""ipostmod"":"""",""cpremod"":"""",""cpostmod"":"""",""frequency"":2.0,""pidspread"":2,""pldspread"":2,""pids"":""p21d;p8a;"",""plds"":""nbcsports.com;janeheller.com;"",""provids"":""270260476;415135385;""}]"
127;396940537;thibet;tartar;1;1;1;"[{""_id"":{""$numberLong"":""396940537""},""ipremod"":"""",""ipostmod"":"""",""cpremod"":"""",""cpostmod"":"""",""frequency"":1.0,""pidspread"":1,""pldspread"":1,""pids"":""p1;"",""plds"":""archive.org;"",""provids"":""306755469;""}]"
128;491588299;tidbit;aide;1;1;1;"[{""_id"":{""$numberLong"":""491588299""},""ipremod"":""use"",""ipostmod"":""of food"",""cpremod"":""training"",""cpostmod"":""if necessary"",""frequency"":1.0,""pidspread"":1,""pldspread"":1,""pids"":""p4;"",""plds"":""poochproblems.com;"",""provids"":""439187067;""}]"
129;233598138;top;moments;1;1;1;"[{""_id"":{""$numberLong"":""233598138""},""ipremod"":"""",""ipostmod"":""of the page"",""cpremod"":""header colorful"",""cpostmod"":"""",""frequency"":1.0,""pidspread"":1,""pldspread"":1,""pids"":""p8a;"",""plds"":""themeforest.net;"",""provids"":""252967059;""}]"
130;382170220;tomorrow;fine;2;2;2;"[{""_id"":{""$numberLong"":""382170220""},""ipremod"":"""",""ipostmod"":"""",""cpremod"":"""",""cpostmod"":"""",""frequency"":2.0,""pidspread"":2,""pldspread"":2,""pids"":""p25;p8a;"",""plds"":""babysue.com;dodgersdigest.com;"",""provids"":""220482966;2218393;""}]"
131;493033152;toilet;pink;4;2;4;"[{""_id"":{""$numberLong"":""493033149""},""ipremod"":"""",""ipostmod"":"""",""cpremod"":""beautiful light"",""cpostmod"":"""",""frequency"":1.0,""pidspread"":1,""pldspread"":1,""pids"":""p8a;"",""plds"":""naplesplus.us;"",""provids"":""266189559;""},{""_id"":{""$numberLong"":""493033150""},""ipremod"":"""",""ipostmod"":"""",""cpremod"":""peachy"",""cpostmod"":"""",""frequency"":1.0,""pidspread"":1,""pldspread"":1,""pids"":""p8a;"",""plds"":""retrorenovation.com;"",""provids"":""327800072;""},{""_id"":{""$numberLong"":""493033151""},""ipremod"":"""",""ipostmod"":"""",""cpremod"":"""",""cpostmod"":"""",""frequency"":1.0,""pidspread"":1,""pldspread"":1,""pids"":""p8b;"",""plds"":""dictonary.net;"",""provids"":""117578342;""},{""_id"":{""$numberLong"":""493033152""},""ipremod"":"""",""ipostmod"":"""",""cpremod"":""little"",""cpostmod"":""of pink"",""frequency"":1.0,""pidspread"":1,""pldspread"":1,""pids"":""p8a;"",""plds"":""mumsnet.com;"",""provids"":""409675037;""}]"
132;14431636;trouville;candy;1;1;1;"[{""_id"":{""$numberLong"":""14431636""},""ipremod"":"""",""ipostmod"":"""",""cpremod"":""cotton"",""cpostmod"":""pink shade"",""frequency"":1.0,""pidspread"":1,""pldspread"":1,""pids"":""p43;"",""plds"":""phyrra.net;"",""provids"":""337093299;""}]"
133;407964660;truthfulness;cost;1;1;1;"[{""_id"":{""$numberLong"":""407964660""},""ipremod"":"""",""ipostmod"":"""",""cpremod"":"""",""cpostmod"":"""",""frequency"":1.0,""pidspread"":1,""pldspread"":1,""pids"":""p3a;"",""plds"":""cnn.com;"",""provids"":""432867349;""}]"
134;420639686;unlock;motivator;2;1;2;"[{""_id"":{""$numberLong"":""420639685""},""ipremod"":""m\u0026a resurgence may"",""ipostmod"":"""",""cpremod"":"""",""cpostmod"":""for initiate merger"",""frequency"":1.0,""pidspread"":1,""pldspread"":1,""pids"":""p8a;"",""plds"":""advisorperspectives.com;"",""provids"":""434134097;""},{""_id"":{""$numberLong"":""420639686""},""ipremod"":""permanent"",""ipostmod"":"""",""cpremod"":""great"",""cpostmod"":"""",""frequency"":1.0,""pidspread"":1,""pldspread"":1,""pids"":""p8a;"",""plds"":""activision.com;"",""provids"":""218830877;""}]"
135;199660983;venue;odds;3;3;3;"[{""_id"":{""$numberLong"":""199660983""},""ipremod"":"""",""ipostmod"":"""",""cpremod"":"""",""cpostmod"":"""",""frequency"":3.0,""pidspread"":3,""pldspread"":3,""pids"":""p7;p5;p1;"",""plds"":""gamingnexus.com;casabona.org;thebudgetsavvybride.com;"",""provids"":""189853166;127309547;352083899;""}]"
136;218064825;venezuelum;however;5;2;5;"[{""_id"":{""$numberLong"":""218064825""},""ipremod"":"""",""ipostmod"":"""",""cpremod"":"""",""cpostmod"":"""",""frequency"":5.0,""pidspread"":2,""pldspread"":5,""pids"":""p2;p3a;"",""plds"":""venezuelanalysis.com;democraticunderground.com;slideshare.net;zcomm.org;zcommunications.org;"",""provids"":""146055811;30847682;146072990;146058922;146053338;""}]"
137;89573263;your;alena;2;1;2;"[{""_id"":{""$numberLong"":""89573262""},""ipremod"":"""",""ipostmod"":"""",""cpremod"":""slutsister"",""cpostmod"":"""",""frequency"":1.0,""pidspread"":1,""pldspread"":1,""pids"":""p8a;"",""plds"":""bigsexlist.com;"",""provids"":""228591307;""},{""_id"":{""$numberLong"":""89573263""},""ipremod"":""penny"",""ipostmod"":"""",""cpremod"":""slutsister"",""cpostmod"":"""",""frequency"":1.0,""pidspread"":1,""pldspread"":1,""pids"":""p8a;"",""plds"":""lustfulclips.com;"",""provids"":""267119303;""}]"
138;224542410;yodel;shearer;1;1;1;"[{""_id"":{""$numberLong"":""224542410""},""ipremod"":""austrian"",""ipostmod"":"""",""cpremod"":""recordist douglas"",""cpostmod"":"""",""frequency"":1.0,""pidspread"":1,""pldspread"":1,""pids"":""p3a;"",""plds"":""wikipedia.org;"",""provids"":""235912970;""}]"
